desc_id,model,layer,unit,desc_idx,description,auc,mad,p_value
gpt2-xl_L0_U440_D1,gpt2-xl,0,440,1,"Parts of footwear, tools or protective gear",0.1022,-1.3884687182496416,1.4684759446254844e-05
gpt2-xl_L0_U440_D2,gpt2-xl,0,440,2,"Apologies, add-ins, testaments, descendants, grades, versions, dialogue, honesty, downgrades, payments, relevance, sensibility, timelessness, credit, superiors, decency, hardened hearts, ageing, genuinely frightened by reality, reliability, shrouded, credited, ironically permitted, gigs, obsession, hugely successful notwithstanding uncertainties",0.0498,-1.8447687951838343,9.378660617961204e-07
gpt2-xl_L0_U440_D3,gpt2-xl,0,440,3,"Themes of remembrance, commemoration, and appreciation, often in relation to important life events or milestones",0.0295,-2.1709093535295763,2.968927062095387e-07
gpt2-xl_L0_U440_D4,gpt2-xl,0,440,4,"Events, occasions, or locations with an emphasis on positive qualities, importance, or memorability",0.0213,-2.6413557734732063,1.8406988920691993e-07
gpt2-xl_L0_U440_D5,gpt2-xl,0,440,5,"Financial transactions, agreements, requirements, commitments, standards, or parameters relating to credit, payments, tenure, employment, or legal processes",0.0202,-3.0423009938867356,1.7253458170022379e-07
gpt2-xl_L0_U1149_D1,gpt2-xl,0,1149,1,"First-person introspection, often related to mental and emotional states, self-awareness, and personal beliefs",0.651,0.52172785235702,0.1000618007603165
gpt2-xl_L0_U1149_D2,gpt2-xl,0,1149,2,"Self-awareness, identity, and reality, often related to technology and its impact on the user",0.4809,-0.257306801963541,0.8355850923566953
gpt2-xl_L0_U1149_D3,gpt2-xl,0,1149,3,"First-person experiences, often involving personal recollections, observations, or opinions, especially related to clothing, accessories, food, or technology",0.4687,-0.1409451113904695,0.7335107475799327
gpt2-xl_L0_U1149_D4,gpt2-xl,0,1149,4,"First-person accounts, often expressing personal opinions, beliefs, or experiences",0.3086,-0.3036312752651763,0.0370965644765442
gpt2-xl_L0_U1149_D5,gpt2-xl,0,1149,5,"First-person perspective related to identification, personal information, and objects",0.06,-1.5946398624351843,1.6420674645788228e-06
gpt2-xl_L0_U1749_D1,gpt2-xl,0,1749,1,"Concepts of perseverance, resilience, and continuing despite setbacks or failures",0.6586000000000001,0.4162457616619316,0.0841041482967249
gpt2-xl_L0_U1749_D2,gpt2-xl,0,1749,2,"Artistic performances, food, travel, products related to leisure and entertainment, ascending locations, life events and personal experiences",0.1892,-0.8786207696108251,0.0007104192041806
gpt2-xl_L0_U1749_D3,gpt2-xl,0,1749,3,"Legal, financial, or leadership accomplishments, advancements, and/or successes",0.0187,-2.241577567770786,1.5792522752465926e-07
gpt2-xl_L0_U1749_D4,gpt2-xl,0,1749,4,"Commercial, financial, or marketing success",0.0137,-2.335624987624253,1.1736994650685417e-07
gpt2-xl_L0_U1749_D5,gpt2-xl,0,1749,5,"Technical specifications or internal states related to electronic devices, software, or computer systems",0.0101,-2.563627550174044,9.461904328935569e-08
gpt2-xl_L0_U2725_D1,gpt2-xl,0,2725,1,"Products, items, or rewards and their availability, desirability, or acquisition",0.9717,2.3010789429166048,2.769659429975617e-07
gpt2-xl_L0_U2725_D2,gpt2-xl,0,2725,2,"Criteria, requirements, or qualifications related to examinations, acceptance, receiving information or items, or suitability",0.9679,2.2459811459532975,3.449276907641849e-07
gpt2-xl_L0_U2725_D3,gpt2-xl,0,2725,3,"Positive outcomes, especially winning or receiving something, related to contests, competitions, or games",0.9419,1.9586432879214828,1.4807171674654984e-06
gpt2-xl_L0_U2725_D4,gpt2-xl,0,2725,4,"Software, music, or computer-related terms in close proximity to a brand, name, or product",0.9234,1.963497382574652,3.982974660457257e-06
gpt2-xl_L0_U2725_D5,gpt2-xl,0,2725,5,"Titles of creative works (movies, musicals, TV shows, books, songs) and the names of people involved in their creation or featuring in them",0.9179,1.6207924654901065,5.305049338802875e-06
gpt2-xl_L0_U3057_D1,gpt2-xl,0,3057,1,"Integrated Lights Out Management (ILOM), operating systems, computer hardware, software, virtual and augmented reality, academic assignments, system on modules, directional drilling, telemetry, microneedling, magic, cosmology experiments, web design, network attached storage, telephones, yoga instruction, International Mobile Equipment Identity (IMEI) numbers and phone accessories, date and time stamps, social media marketing",0.8348,0.907472726473246,0.0002653210718136
gpt2-xl_L0_U3057_D2,gpt2-xl,0,3057,2,"Textile material, food and beverage, medicinal substances",0.7454999999999999,0.5957656374651257,0.0074929502371179
gpt2-xl_L0_U3057_D3,gpt2-xl,0,3057,3,"Nuclear contamination, addiction, monetary costs, religious events, mutation of microbes, mental health, and athletics",0.5949,0.20075038654509,0.3014346413382515
gpt2-xl_L0_U3057_D4,gpt2-xl,0,3057,4,"Automotive, music, home appliances, geography, history, biology, and recreational areas, especially when mentioned alongside brands, models, products, or locations",0.5116,0.0040626046004923,0.8998635506618717
gpt2-xl_L0_U3057_D5,gpt2-xl,0,3057,5,"Medical, administrative or scientific domains related to education, improvement or a professional organization",0.4205,-0.2553446420767454,0.3867186317517005
gpt2-xl_L0_U3124_D1,gpt2-xl,0,3124,1,Human gene expression profiles,0.9996,17.50948102382977,5.2554338698023835e-08
gpt2-xl_L0_U3124_D2,gpt2-xl,0,3124,2,"Recent events, experiences, or summaries, often involving personal reflections or specific locations",0.126,-0.5199665503070433,4.619840669867255e-05
gpt2-xl_L0_U3124_D3,gpt2-xl,0,3124,3,"Sleeping, merchandise, and promotional items",0.0202,-0.801374538789483,1.7253458170022379e-07
gpt2-xl_L0_U3124_D4,gpt2-xl,0,3124,4,"Proper nouns, often people's names, in contexts of competitions, scandals, or events, especially when related to games, sports, politics, or entertainment",0.0094,-0.8673117276855803,9.072092372140264e-08
gpt2-xl_L0_U3124_D5,gpt2-xl,0,3124,5,"Aspects of scoring systems in competitive events, especially those involving proficiency, ranking, and different categories of participation",0.0014,-1.0170794936757894,5.586672001449357e-08
gpt2-xl_L0_U3279_D1,gpt2-xl,0,3279,1,"Questions about abstract religious concepts, proper behavior, and uncertainty about having achieved them",0.9124,1.5237261288718391,7.041600641814701e-06
gpt2-xl_L0_U3279_D2,gpt2-xl,0,3279,2,"Activities involving hobbies or everyday tasks, often with a focus on personal experiences and specific details",0.8751,1.19936663428533,4.387696905993727e-05
gpt2-xl_L0_U3279_D3,gpt2-xl,0,3279,3,Locations or organizations and numbers related to an event or activity,0.8639,1.1065239756048344,7.369359839793681e-05
gpt2-xl_L0_U3279_D4,gpt2-xl,0,3279,4,"Medical devices and procedures, especially related to breathing and respiratory systems",0.8261000000000001,0.9206177962092884,0.0003820025200662
gpt2-xl_L0_U3279_D5,gpt2-xl,0,3279,5,Location or service availability in a certain area,0.8183,0.930868418934371,0.0005258391445084
gpt2-xl_L0_U3533_D1,gpt2-xl,0,3533,1,"Decorative or collectible boxes, often related to hobbies, events, or specific products",0.9871,3.614958707949204,1.1189682029062597e-07
gpt2-xl_L0_U3533_D2,gpt2-xl,0,3533,2,"Months, numbers, and second-hand collectibles, rentals, applications, retail spaces, or holiday gifts",0.7826,0.9841907026400134,0.002081881186828
gpt2-xl_L0_U3533_D3,gpt2-xl,0,3533,3,"Numbers, proper nouns, food, containers, storage, locations, time, events, legal terms, crime",0.7116,0.4001257439959584,0.0211793146095494
gpt2-xl_L0_U3533_D4,gpt2-xl,0,3533,4,"Commercial transactions, legal proceedings, and financial obligations",0.5367999999999999,-0.0618394659799022,0.6888766436425554
gpt2-xl_L0_U3533_D5,gpt2-xl,0,3533,5,"Transfer, storage, or placement of objects or people",0.5091,-0.1421742039940757,0.9214582658551812
gpt2-xl_L0_U3696_D1,gpt2-xl,0,3696,1,Colons in question and answer sections,0.1516999999999999,-0.9031074506796206,0.0001481935287535
gpt2-xl_L0_U3696_D2,gpt2-xl,0,3696,2,"A discussion of customer service experiences, religious figures and texts, TV series, sporting events, community events, restaurants, international summits, golf rules, summer camps, company performance, and international relations",0.1037999999999999,-0.9744581592528616,1.5893010198355352e-05
gpt2-xl_L0_U3696_D3,gpt2-xl,0,3696,3,"Color, color types/schemes, and color palettes, often with hex codes or RGB values",0.0173,-1.3136271475829688,1.453740964963758e-07
gpt2-xl_L0_U3696_D4,gpt2-xl,0,3696,4,"Technical specifications of audio or video equipment, locations related to caving or trekking, car models and their characteristics, and diseases and their symptoms",0.0012,-1.490536626304514,5.51884581828221e-08
gpt2-xl_L0_U3696_D5,gpt2-xl,0,3696,5,"Data categories, types of data, or databases",0.0002,-1.5612011456893586,5.191509412250656e-08
gpt2-xl_L0_U3943_D1,gpt2-xl,0,3943,1,"Social media, Donald Trump, Twitter, counsel, upbeat tweets",0.9996,4.550049724855798,5.2554338698023835e-08
gpt2-xl_L0_U3943_D2,gpt2-xl,0,3943,2,"Optimization, improvement, or enhancement of products, processes, or strategies, often in the context of specific industries or technologies",0.9937,3.2245908681986775,7.524850538994519e-08
gpt2-xl_L0_U3943_D3,gpt2-xl,0,3943,3,"Discussions of best practices or solutions, sometimes related to promoting or improving a product, process, or situation",0.9874,2.999145648819082,1.0990875963226585e-07
gpt2-xl_L0_U3943_D4,gpt2-xl,0,3943,4,"Emphasis on speed, quality, and efficiency in providing specialized services or solutions, often within a specific industry or market",0.9777,2.736300653996396,1.952008594804953e-07
gpt2-xl_L0_U3943_D5,gpt2-xl,0,3943,5,Clothing or fashion items,0.7827999999999999,0.8952388652707054,0.0020667085041301
gpt2-xl_L0_U4297_D1,gpt2-xl,0,4297,1,"Employee stock options, private equity, LIBOR adjustable-rate mortgages, insurance policies, corporate acquisitions, real estate sales by non-residents, charitable donations, dementia care, surrogacy, retirement, gilt funds, sovereign debt ratings, cryptocurrency investments, long-term care insurance, and banking products.",0.9973,7.927175916061388,6.047644888048207e-08
gpt2-xl_L0_U4297_D2,gpt2-xl,0,4297,2,"Discussions of financial, life, or career planning, resource allocation, and caregiving, often in the context of family or children",0.9707,2.35558674128548,2.934780751037229e-07
gpt2-xl_L0_U4297_D3,gpt2-xl,0,4297,3,"Qualities, characteristics, or specifications of animals or products",0.9222,0.8971739661628241,4.241263134157338e-06
gpt2-xl_L0_U4297_D4,gpt2-xl,0,4297,4,Ownership of property or membership status,0.9187,0.844041623792124,5.089512899954805e-06
gpt2-xl_L0_U4297_D5,gpt2-xl,0,4297,5,Processes related to beneficiation plants,0.8949,0.636098185956071,1.6943913430556762e-05
gpt2-xl_L0_U4405_D1,gpt2-xl,0,4405,1,"Installation of splashbacks in Pimlico SW1, Oracle ILOM configuration and administration, Linux drivers and kernel updates including NVIDIA and GeForce acceleration, Minecraft servers, heavy duty work boots, freight and merchandise transport and processing, Exchange server installation and administration, maritime personnel transfer basket assembly, auto and iPod system, chemical compounds like hydrogen and sodium, discounts on various items, hardware systems, laminated hardwood flooring, Panasonic CGR charger, software patches and updates, network management system updates, snakes in federally protected chimneys, naval and airborne equipment, Mercedes vehicles and equipment, and bacterial inoculation of soil",0.6707,0.2724475421355527,0.0630016899768107
gpt2-xl_L0_U4405_D2,gpt2-xl,0,4405,2,"Geopolitical events and entities involved, particularly government actions and agencies",0.1921,-1.4654483128400484,0.0007967205074645
gpt2-xl_L0_U4405_D3,gpt2-xl,0,4405,3,"Concepts of restriction, obligation, and lack of freedom or agency",0.0384,-1.9572256624259896,4.944704215402332e-07
gpt2-xl_L0_U4405_D4,gpt2-xl,0,4405,4,"Food and beverages, often with descriptions of ingredients or preparation methods",0.0198,-2.5964297833518444,1.6851578218297108e-07
gpt2-xl_L0_U4405_D5,gpt2-xl,0,4405,5,"Government regulations, requirements, and administration of programs, particularly those related to visas, licenses, medical systems, and international trade",0.0089,-2.2179257934886047,8.803222398386975e-08
gpt2-xl_L0_U4679_D1,gpt2-xl,0,4679,1,"Temporal references like ""early"", ""nowadays"", ""recent"", ""this"", ""next"", ""on"", ""new"", ""continuing"",  and years or months, often appearing at the beginning of the text",0.9944,5.635823489822864,7.212630106292319e-08
gpt2-xl_L0_U4679_D2,gpt2-xl,0,4679,2,"Numerical or quantitative values, including years, measurements, and counts, in advert-like text excerpts",0.9826,3.818724576978874,1.4623764006762738e-07
gpt2-xl_L0_U4679_D3,gpt2-xl,0,4679,3,"Positive feedback, thanks, or compliments",0.9731,2.946337945473644,2.553485896812999e-07
gpt2-xl_L0_U4679_D4,gpt2-xl,0,4679,4,"Temporal markers like dates, months, years, and words related to newness, gratitude, or positive sentiment",0.9307,1.963871772466032,2.7081171529554937e-06
gpt2-xl_L0_U4679_D5,gpt2-xl,0,4679,5,"Expressions of gratitude, current time references, or positive descriptions",0.8659999999999999,1.4792234046312822,6.693845912595541e-05
gpt2-xl_L0_U4842_D1,gpt2-xl,0,4842,1,"Hair, hairstyles, hair styling tools, hair products, hair problems, hair texture, wardrobe, clothes, outfits, style, recipes, ingredients",0.8326,0.9109054335763996,0.0002911714048767
gpt2-xl_L0_U4842_D2,gpt2-xl,0,4842,2,"Fitness, essays, digital skills training, product design and marketing, audits, internships, coaching, graphic design, academic assistance, data analytics, predictive modeling, computational chemistry, handwriting development, software documentation, development tools, intellectual property, brand reputation, web design, and real estate",0.6323,0.1865804369456814,0.1496346063638942
gpt2-xl_L0_U4842_D3,gpt2-xl,0,4842,3,"Computer hardware, software, car parts, or optical devices and systems",0.4854,-0.1826659765612678,0.8740487949771045
gpt2-xl_L0_U4842_D4,gpt2-xl,0,4842,4,"Mathematical concepts, computer graphics, clothing styles, musical artists and bands, self-improvement techniques, basketball teams and players, video game features, food, interpersonal relationships, Spanish language and culture, home maintenance, and space exploration",0.4238,-0.3465901433450231,0.4067474642645171
gpt2-xl_L0_U4842_D5,gpt2-xl,0,4842,5,"Professional and personal development, often in the context of teams, companies, or training programs",0.2333,-0.7814307404677997,0.0036717072487779
gpt2-xl_L0_U5085_D1,gpt2-xl,0,5085,1,"Rotating or spiraling motion or devices associated with travel, leisure activities, or household appliances",0.5608,0.5123447513497538,0.5080656448702974
gpt2-xl_L0_U5085_D2,gpt2-xl,0,5085,2,"Rope access, locations in Arkansas, educational courses, probation terms, Nigerian aid, hospital communication improvement, South American airline travel, Nigerian profession improvement, admission to a school nursery, Florida coast, business exhibition, cystic fibrosis research, dementia care, education tenure process, NHS consultation, biodiversity and ecosystems, gym workouts, network rerouting, Myanmar school construction, and US biodiversity conservation",0.4232,-0.2561839972381355,0.4030605211253151
gpt2-xl_L0_U5085_D3,gpt2-xl,0,5085,3,"Food, specific locations, and activities/routines, often involving a change in direction or state",0.3757,-0.2369125399645585,0.1758430378967351
gpt2-xl_L0_U5085_D4,gpt2-xl,0,5085,4,"A negative sentiment or concern regarding a specific course of action or situation, often related to travel, plans, or dangerous situations, particularly in international contexts",0.2675,-0.6299648498555767,0.0113261521787969
gpt2-xl_L0_U5085_D5,gpt2-xl,0,5085,5,"Methods, procedures, or sequences related to improvement, change, or progression",0.2404,-0.8155304179528166,0.004688110071889
gpt2-xl_L0_U5551_D1,gpt2-xl,0,5551,1,"International trade, diplomacy, and agreements between countries",0.9979,11.367669165295805,5.8304838232074765e-08
gpt2-xl_L0_U5551_D2,gpt2-xl,0,5551,2,"International organizations, governmental bodies, or councils adopting resolutions, agreements, charters, or conventions",0.9972,11.770021588373492,6.084592210256089e-08
gpt2-xl_L0_U5551_D3,gpt2-xl,0,5551,3,"Governance, membership, and financial aspects of transnational organizations, often in the context of agreements or frameworks",0.8774,2.0585704037147323,3.93756657837626e-05
gpt2-xl_L0_U5551_D4,gpt2-xl,0,5551,4,"Locations, travel, and proper names",0.1146,-0.8317070083118656,2.6896134341391172e-05
gpt2-xl_L0_U5551_D5,gpt2-xl,0,5551,5,"Food, tools/devices, and cosmetics/accessories",0.0241,-1.127613701079392,2.1689720508209757e-07
gpt2-xl_L0_U5781_D1,gpt2-xl,0,5781,1,"Dmitri Shostakovich's compositions and publications, Japanese savory pancake variations, mattresses for side sleepers, amplifier experiences, chemical properties of sulfuric acid, aspheric lens measurement techniques, a Maserati Levante SUV review, Mason jar taco salads, hardwood floor lamination, Gerry Weber's fashion designs, clothing features, shutters and their advantages, Panasonic charger details, non-stick bakeware benefits, pasta dishes with wild garlic pesto, teeth whitening advice, removing calcium from swimming pools, Mercedes X-Class pickup truck details, wiring diagrams, and benefits of avocados",0.8194000000000001,0.8131744882111295,0.0005028744491845
gpt2-xl_L0_U5781_D2,gpt2-xl,0,5781,2,"Days of the week, dates, numbers, roles/professions of people, and people's names, often in lists",0.6985,1.6729261956661912,0.0306141631185295
gpt2-xl_L0_U5781_D3,gpt2-xl,0,5781,3,"Male personal names, often in dialog",0.5481,0.0918188531786409,0.6006332685360625
gpt2-xl_L0_U5781_D4,gpt2-xl,0,5781,4,"Locations, people's names, titles/positions, days of the week, and specific numbers",0.5146999999999999,-0.0334681244292105,0.8731904515866403
gpt2-xl_L0_U5781_D5,gpt2-xl,0,5781,5,"Concepts of proper names, locations, and time, often related to occupations or roles",0.2124,-0.6810378834664411,0.0017316547846855
gpt2-xl_L0_U5960_D1,gpt2-xl,0,5960,1,"Beauty, jewelry, whales, footprints, fictional characters, teeth, ghosts, pop culture, photography, Indonesian traditions, makeup, Philippines, lollipops, travel, and costumes",0.9772,2.424045910712797,2.0100759771977238e-07
gpt2-xl_L0_U5960_D2,gpt2-xl,0,5960,2,Mental and/or physical manipulation or transformation,0.9576,2.025676685257661,6.200434077578498e-07
gpt2-xl_L0_U5960_D3,gpt2-xl,0,5960,3,"Mechanical fastening, anchoring, or attachment of components, often cylindrical, possibly involving screws, conveying, drilling, or adhesion",0.9532,2.003264667527796,7.936166224849237e-07
gpt2-xl_L0_U5960_D4,gpt2-xl,0,5960,4,"Legal agreements, qualifications, construction, exciting events or activities, dental procedures, historical or cultural attractions, and artistic endeavors",0.9373,1.657354031989415,1.9007027866556372e-06
gpt2-xl_L0_U5960_D5,gpt2-xl,0,5960,5,"Death, funerals, or sports competitions",0.9134,1.483387890781904,6.689944905427129e-06
gpt2-xl_L0_U6114_D1,gpt2-xl,0,6114,1,"Pregnancy, medical procedures/conditions, and numbers",0.9803,2.9237873011946127,1.6752531269623833e-07
gpt2-xl_L0_U6114_D2,gpt2-xl,0,6114,2,"Dates, numbers, and the word ""primary"" related to wiki pages and modules",0.8158,0.9358342610605704,0.0005817148354943
gpt2-xl_L0_U6114_D3,gpt2-xl,0,6114,3,"Numbers, proper nouns, and the months of the year",0.6565000000000001,0.3333198391189777,0.0882923995696044
gpt2-xl_L0_U6114_D4,gpt2-xl,0,6114,4,"Locations, especially states, and numbers potentially representing dates, years, or other numerical identifiers",0.6257,0.203321076088627,0.171024805958936
gpt2-xl_L0_U6114_D5,gpt2-xl,0,6114,5,"Product specifications, features, or descriptions of items such as vehicles, electronics, or medical devices",0.1728999999999999,-0.9484685940902838,0.0003664873754827
gpt2-xl_L0_U6314_D1,gpt2-xl,0,6314,1,"Mobile devices, applications, software, streaming services, locations, geographic restrictions, travel, airlines, flights, file management, customization, yoga practice, calendars, appointments, handwriting, mindfulness, music promotion, workflows, and bilingual dictionaries",0.9551,2.0140677566225507,7.135807296742775e-07
gpt2-xl_L0_U6314_D2,gpt2-xl,0,6314,2,"Products or features related to apparel, accessories, home decor, electronics, and tools",0.9294,1.9697085168121875,2.9019973965797388e-06
gpt2-xl_L0_U6314_D3,gpt2-xl,0,6314,3,"Clothing, accessories, food, hairstyles, home decor, entertainment, software applications, and celebrations, especially for weddings, babies, or other life events",0.9218,1.7854957596821417,4.330870831617086e-06
gpt2-xl_L0_U6314_D4,gpt2-xl,0,6314,4,"Events, entertainment, or services related to leisure activities, including transportation, venues, parties, weddings,  concerts, shows,  sports, restaurants, shopping, travel,  and accommodations",0.9059,1.4595271499474385,9.796742095117625e-06
gpt2-xl_L0_U6314_D5,gpt2-xl,0,6314,5,"Experiences, actions, and feelings related to entertainment, media, and technology, along with personal anecdotes or opinions",0.8845,1.0871607287950011,2.8084737713535175e-05
gpt2-xl_L20_U328_D1,gpt2-xl,20,328,1,"Communication methods and services, including mobile applications, internet access, telecommunications providers, and online resources",0.9997,5.5323831046878915,5.2233768642952676e-08
gpt2-xl_L20_U328_D2,gpt2-xl,20,328,2,"Titles, names, locations, and dates in bibliographic entries or citations",0.9959,4.470028829732881,6.585267925979239e-08
gpt2-xl_L20_U328_D3,gpt2-xl,20,328,3,"Expressions of enjoyment, opinions, or commentary, often related to entertainment, media, personal experiences, or hobbies",0.9949,4.386311496393735,6.997336708859392e-08
gpt2-xl_L20_U328_D4,gpt2-xl,20,328,4,Products or services with details or instructions,0.9908,3.942444333329337,8.963603734385179e-08
gpt2-xl_L20_U328_D5,gpt2-xl,20,328,5,"Locations, events, or items and additional information about them",0.983,3.635439574407055,1.428129547260732e-07
gpt2-xl_L20_U1004_D1,gpt2-xl,20,1004,1,"Superlative adjectives related to size, quantity, or quality in contexts of comparisons or rankings",0.997,5.205640894749123,6.15914410423738e-08
gpt2-xl_L20_U1004_D2,gpt2-xl,20,1004,2,"Times, periods, or points related to the start, beginning, first stage, onset, or early phases of events, things, or processes, or to initial steps or stages within a multi-stage process",0.8395999999999999,1.0636790726206495,0.0002162005344229
gpt2-xl_L20_U1004_D3,gpt2-xl,20,1004,3,"Ordinal numbers, especially in contexts of rankings, lists, and time sequences",0.7332,0.7002206002476118,0.0110821425412442
gpt2-xl_L20_U1004_D4,gpt2-xl,20,1004,4,"Times or dates, often in relation to a specific event or season",0.7031000000000001,0.5457434466363421,0.0269550824922799
gpt2-xl_L20_U1004_D5,gpt2-xl,20,1004,5,"Importance, influence, significance, effect, impact, especially when related to first times, most, best, biggest, or very large quantities or magnitudes",0.5824,0.2106849570970926,0.3696239060184607
gpt2-xl_L20_U1406_D1,gpt2-xl,20,1406,1,"Prepositions indicating purpose or target/recipient in relation to technical fields, jobs, or software systems",0.9997,5.393347701071357,5.2233768642952676e-08
gpt2-xl_L20_U1406_D2,gpt2-xl,20,1406,2,"Actions or behaviors related to promises, oaths, or commitments, especially in the context of support, encouragement, or aid",0.9948,4.398435619081397,7.039891265086138e-08
gpt2-xl_L20_U1406_D3,gpt2-xl,20,1406,3,"Membership in or association with groups, lists, or organizations",0.9783,3.2083069762892804,1.8844661366012337e-07
gpt2-xl_L20_U1406_D4,gpt2-xl,20,1406,4,"Product descriptions containing sizes, dimensions or other product specifications",0.9778,3.260820581266057,1.9405912859855177e-07
gpt2-xl_L20_U1406_D5,gpt2-xl,20,1406,5,"Locations, events, or items and their associated descriptive information",0.9771,3.1780535189185373,2.0218881350924727e-07
gpt2-xl_L20_U1424_D1,gpt2-xl,20,1424,1,"Health, education, or real estate discussions involving consultations, services, or information",0.9926,4.075187124533701,8.0420957012387e-08
gpt2-xl_L20_U1424_D2,gpt2-xl,20,1424,2,"Political figures, organizations, or events",0.9882,3.798613923740709,1.047729387353512e-07
gpt2-xl_L20_U1424_D3,gpt2-xl,20,1424,3,Products or services and their specifications,0.9785,3.1876705448142384,1.8624582401230322e-07
gpt2-xl_L20_U1424_D4,gpt2-xl,20,1424,4,Locations of businesses or organizations,0.9627,2.5130407420218517,4.644863289799888e-07
gpt2-xl_L20_U1424_D5,gpt2-xl,20,1424,5,"Body parts, personal care products, or furniture",0.8058000000000001,0.6703568057134067,0.0008651820394933
gpt2-xl_L20_U1790_D1,gpt2-xl,20,1790,1,"Business, commerce, services, employment, or roles/positions in organizations",0.9966,3.4853699133336846,6.3109121251999e-08
gpt2-xl_L20_U1790_D2,gpt2-xl,20,1790,2,"Relating to commercial products or services, often with a focus on sales, promotions, installations, or availability",0.9909,3.1132630308441804,8.909831500674287e-08
gpt2-xl_L20_U1790_D3,gpt2-xl,20,1790,3,"Commercial/sales information, especially related to products or services",0.987,2.831818854769102,1.1256720722705113e-07
gpt2-xl_L20_U1790_D4,gpt2-xl,20,1790,4,"Tools, methods, and resources related to specific activities or interests",0.9411,1.8931199183197975,1.5467040240037288e-06
gpt2-xl_L20_U1790_D5,gpt2-xl,20,1790,5,"Titles of entertainment, groups, or products",0.8383,1.140297309561592,0.0002285856504113
gpt2-xl_L20_U2325_D1,gpt2-xl,20,2325,1,"Fashion, garments, clothing, accessories, food, home decor, and makeup",0.9918,3.368984077607218,8.439729933242635e-08
gpt2-xl_L20_U2325_D2,gpt2-xl,20,2325,2,"Rights and usage of digital information, services, or products, often with respect to ownership and restrictions",0.9197,1.5379324863054404,4.831868183424859e-06
gpt2-xl_L20_U2325_D3,gpt2-xl,20,2325,3,Items related to protective or enhancing wearables,0.8845000000000001,1.2990749599555669,2.8084737713535175e-05
gpt2-xl_L20_U2325_D4,gpt2-xl,20,2325,4,"Conditional actions or situations and their potential outcomes, especially relating to rules, regulations, or personal choices",0.8488,1.0573340713770738,0.0001449739176738
gpt2-xl_L20_U2325_D5,gpt2-xl,20,2325,5,"Events, shows, or locations, often with a time or date, and sometimes including named people",0.8340000000000001,0.9926266069116289,0.000274461601565
gpt2-xl_L20_U2679_D1,gpt2-xl,20,2679,1,"Descriptions of, or information related to, events, items, or locations",0.9916,4.697463041241311,8.542074858998556e-08
gpt2-xl_L20_U2679_D2,gpt2-xl,20,2679,2,"Initial words or abbreviations of titles, topics, or names of products/companies",0.9906,4.63930576016227,9.072092372140264e-08
gpt2-xl_L20_U2679_D3,gpt2-xl,20,2679,3,"Settings, assignments, or actions related to software or applications",0.98,3.736444852424065,1.7051373505020158e-07
gpt2-xl_L20_U2679_D4,gpt2-xl,20,2679,4,"Locations, times/dates, quantities, and directives/questions",0.9708,2.884703182487804,2.917850118663145e-07
gpt2-xl_L20_U2679_D5,gpt2-xl,20,2679,5,Products or services with descriptions and/or characteristics,0.9701,3.3447372356255043,3.038374269923775e-07
gpt2-xl_L20_U2700_D1,gpt2-xl,20,2700,1,"Initial words or phrases indicating a question, statement, or topic related to business, technology, finance, or personal services, often followed by additional clarifying information",1.0,6.445503391399962,5.1283388415865974e-08
gpt2-xl_L20_U2700_D2,gpt2-xl,20,2700,2,"Years, numeric identifiers, or other measurements relating to time or quantity",0.9992,5.665294506342755,5.3855793014570985e-08
gpt2-xl_L20_U2700_D3,gpt2-xl,20,2700,3,"Expressions of opinions, thoughts, or beliefs",0.9992,5.934263513079341,5.3855793014570985e-08
gpt2-xl_L20_U2700_D4,gpt2-xl,20,2700,4,Products or items and their descriptions,0.9955,4.985181174723499,6.747193827297039e-08
gpt2-xl_L20_U2700_D5,gpt2-xl,20,2700,5,"Titles, names, locations, dates, or monetary values",0.9728,3.220572615183207,2.598390798377413e-07
gpt2-xl_L20_U2869_D1,gpt2-xl,20,2869,1,"Infants, food, and crafting",0.997,4.89920917995661,6.15914410423738e-08
gpt2-xl_L20_U2869_D2,gpt2-xl,20,2869,2,Personal updates,0.9921,4.5516054769157535,8.288435478107308e-08
gpt2-xl_L20_U2869_D3,gpt2-xl,20,2869,3,New product or service offerings or introductions,0.9912,4.387426147158304,8.750382036173956e-08
gpt2-xl_L20_U2869_D4,gpt2-xl,20,2869,4,"Locations, events, or items of interest",0.9456,2.3965238787731677,1.2091578490245916e-06
gpt2-xl_L20_U2869_D5,gpt2-xl,20,2869,5,"Possession, ability, original or replacement items, or description of an item",0.7293,1.5863475909708988,0.0125034143158974
gpt2-xl_L20_U2988_D1,gpt2-xl,20,2988,1,"Actions related to food preparation, often involving specific time durations or ingredient quantities",0.8099,0.8105546138581577,0.0007362253603835
gpt2-xl_L20_U2988_D2,gpt2-xl,20,2988,2,"Self-reflection, introspection, advice-seeking, or instructions related to self-improvement, often involving a second person or past experiences",0.7847999999999999,0.7005433627577379,0.0019204649184313
gpt2-xl_L20_U2988_D3,gpt2-xl,20,2988,3,"Personal introductions, especially when mentioning a person's origin, profession, or affiliation, followed by additional contextual information about their life and work",0.7019,0.415893508095649,0.0278712371573386
gpt2-xl_L20_U2988_D4,gpt2-xl,20,2988,4,"Questions about services, subscriptions, or memberships, including duration, costs, requirements, access, and how to apply",0.5915,0.1072453369182779,0.3190947932573784
gpt2-xl_L20_U2988_D5,gpt2-xl,20,2988,5,"First-person accounts of personal and professional backgrounds, sometimes including family details",0.3208999999999999,-0.5418773168723284,0.0510933386311617
gpt2-xl_L20_U3313_D1,gpt2-xl,20,3313,1,"Winning, prizes, or rewards",0.9924,4.796928292642067,8.139768773386253e-08
gpt2-xl_L20_U3313_D2,gpt2-xl,20,3313,2,"Giving away or receiving a prize, reward, or gift",0.9908,4.442030083940044,8.963603734385179e-08
gpt2-xl_L20_U3313_D3,gpt2-xl,20,3313,3,Winning a prize or participating in a competition,0.9874,3.843432998627745,1.0990875963226585e-07
gpt2-xl_L20_U3313_D4,gpt2-xl,20,3313,4,"Selection or identification of specific elements within a larger set, including answers to a puzzle, competition winners, specific versions of a form, valuable data samples, requested information on a form, race types in a game, specific photographs, award-winning projects, compatible browser settings, data sources, specific software tasks, computer components, educational level materials, database fields, a tax deduction, phone dialing instructions, bathroom fixtures, and website features",0.9786,2.902040525245549,1.851547667262345e-07
gpt2-xl_L20_U3313_D5,gpt2-xl,20,3313,5,"Achievements, awards, or special events, often including a specific person or group",0.9291,1.7186090075279388,2.9485941420607015e-06
gpt2-xl_L20_U3885_D1,gpt2-xl,20,3885,1,"Instances of first times, including first experiences, first time events, and first time occurrences",0.9842,3.796903626697707,1.3299793770871098e-07
gpt2-xl_L20_U3885_D2,gpt2-xl,20,3885,2,"Requests or commands, and places or locations",0.9619,2.2224171588829065,4.861127562784514e-07
gpt2-xl_L20_U3885_D3,gpt2-xl,20,3885,3,"A first time experience, often with an element of surprise or anticipation",0.9597,2.389730103554334,5.507108664890842e-07
gpt2-xl_L20_U3885_D4,gpt2-xl,20,3885,4,"Numbers, abbreviations, and alphanumeric codes related to product specifications, model numbers, dates, times, and software versions",0.9302,1.4866049728594577,2.781167959596898e-06
gpt2-xl_L20_U3885_D5,gpt2-xl,20,3885,5,"Short, informal text excerpts with punctuation marks, sometimes expressing excitement",0.9302,1.7206233773496604,2.781167959596898e-06
gpt2-xl_L20_U4268_D1,gpt2-xl,20,4268,1,"Conditional statements and second-person pronouns related to instructions, information, or legal processes",0.9869,3.71781215924282,1.1324148009941957e-07
gpt2-xl_L20_U4268_D2,gpt2-xl,20,4268,2,"Conditions, terms, or instructions related to an action, typically involving potential restrictions, costs, or recommendations",0.9769,2.981491773146876,2.045714039165131e-07
gpt2-xl_L20_U4268_D3,gpt2-xl,20,4268,3,"Conditional statements, requirements, recommendations, or possibilities, often involving your actions or resources",0.7898999999999999,0.6849975190463674,0.0015894979176945
gpt2-xl_L20_U4268_D4,gpt2-xl,20,4268,4,"Conditions, circumstances, and situations",0.5698,-0.0395371134753788,0.4473114196501492
gpt2-xl_L20_U4268_D5,gpt2-xl,20,4268,5,"Conditional statements, options, choices, or alternatives",0.3525999999999999,-0.5385350094580833,0.1084204981940323
gpt2-xl_L20_U4447_D1,gpt2-xl,20,4447,1,"A key concept, or a negation of a concept, within a specific context or group",0.9975,6.534935194347782,5.974400751176904e-08
gpt2-xl_L20_U4447_D2,gpt2-xl,20,4447,2,"Years or specific dates related to events, organizations, or legal cases",0.9966,6.307111832257317,6.310911570125236e-08
gpt2-xl_L20_U4447_D3,gpt2-xl,20,4447,3,"Possessive pronouns, conjunctions, prepositions, or the word ""all""",0.9905,5.316815147347523,9.12681154319236e-08
gpt2-xl_L20_U4447_D4,gpt2-xl,20,4447,4,"Totality, wholeness, completeness, or entirety",0.9883,4.929756953139782,1.041475216273246e-07
gpt2-xl_L20_U4447_D5,gpt2-xl,20,4447,5,"Quantifiers, negation, and proper nouns",0.9868,4.8398606770648405,1.139196509881311e-07
gpt2-xl_L20_U4683_D1,gpt2-xl,20,4683,1,"Gemstone and mineral varieties, often quartz, with mention of additional details or properties",0.8271,0.976590563390916,0.0003664873754827
gpt2-xl_L20_U4683_D2,gpt2-xl,20,4683,2,"Dates, numbers, and the word ""filed"" related to patent applications",0.3132,-0.5833456278450798,0.0418927340884097
gpt2-xl_L20_U4683_D3,gpt2-xl,20,4683,3,"Software platforms, software choices, and software availability",0.2069,-0.865003482976475,0.0014095411146841
gpt2-xl_L20_U4683_D4,gpt2-xl,20,4683,4,"Months, years, monetary units, and descriptions related to collectibles, schools, properties, events, services, legal documents, and locations",0.1534,-1.1180127280193726,0.0001596509713355
gpt2-xl_L20_U4683_D5,gpt2-xl,20,4683,5,"Situations, items, or events, often related to changes in location or circumstances, that have the potential for downsides, difficulties, or other associated negative consequences",0.1396,-1.1670916913276217,8.640495128213083e-05
gpt2-xl_L20_U5278_D1,gpt2-xl,20,5278,1,"Academic degrees, professional roles, locations, and years related to education or employment history",0.9984,5.256483381101315,5.655305677098587e-08
gpt2-xl_L20_U5278_D2,gpt2-xl,20,5278,2,"Instructions, recipes, or descriptions related to making, assembling, or creating something, often involving tools, materials, measurements, and a step-by-step process",0.9826,3.961265287226177,1.4623764006762738e-07
gpt2-xl_L20_U5278_D3,gpt2-xl,20,5278,3,"Beauty tips, DIY remedies, and skincare routines, especially those involving overnight treatments and multiple steps",0.9752,2.5752648580303674,2.2594906552485426e-07
gpt2-xl_L20_U5278_D4,gpt2-xl,20,5278,4,"Experiences related to travel, leisure activities, meals, and events, particularly those with a temporal element (time, dates, or duration)",0.9704,2.522705827665862,2.986143765412696e-07
gpt2-xl_L20_U5278_D5,gpt2-xl,20,5278,5,"Locations, dates, and family members related to biographical information",0.8874000000000001,1.2955512798575146,2.442375193678229e-05
gpt2-xl_L20_U5662_D1,gpt2-xl,20,5662,1,Requests or commands to report or share information,0.9966,4.796405804333967,6.3109121251999e-08
gpt2-xl_L20_U5662_D2,gpt2-xl,20,5662,2,"End of document, document information, or document elements",0.9956,4.58214717932206,6.706354444790232e-08
gpt2-xl_L20_U5662_D3,gpt2-xl,20,5662,3,Ways to contact or communicate with someone,0.9826,3.6719953508294703,1.4623764006762738e-07
gpt2-xl_L20_U5662_D4,gpt2-xl,20,5662,4,"Instructions, recipes, or tips",0.9683,2.751931749054651,3.370778787102466e-07
gpt2-xl_L20_U5662_D5,gpt2-xl,20,5662,5,"Instructions, tutorials, or how-to guides, often related to crafts or hobbies",0.8679000000000001,1.7480617316757758,6.133544811496246e-05
gpt2-xl_L20_U5741_D1,gpt2-xl,20,5741,1,"Giveaways, sponsorships, or required items",0.9888,3.9784848379589426,1.0107429665585141e-07
gpt2-xl_L20_U5741_D2,gpt2-xl,20,5741,2,"End of generated text, often in contexts of contact information, locations, website placeholders, or general information",0.9652,2.8044233329859782,4.027211058394578e-07
gpt2-xl_L20_U5741_D3,gpt2-xl,20,5741,3,Emphasis or specification,0.952,2.515425574872347,8.485483344974016e-07
gpt2-xl_L20_U5741_D4,gpt2-xl,20,5741,4,Requests or commands,0.9459,2.214251430909182,1.189375215483929e-06
gpt2-xl_L20_U5741_D5,gpt2-xl,20,5741,5,"Expressions of excitement, sharing, or positive feedback",0.9239,2.149002319558782,3.879864774057437e-06
gpt2-xl_L20_U5789_D1,gpt2-xl,20,5789,1,"Actions/tasks being completed/performed, often involving software or tools",0.9973,5.550251691933254,6.047644888048207e-08
gpt2-xl_L20_U5789_D2,gpt2-xl,20,5789,2,"Actions or states related to availability, usage, or purpose of an item",0.9911,5.048515771507274,8.803222398386975e-08
gpt2-xl_L20_U5789_D3,gpt2-xl,20,5789,3,"Actions or states of being, often ongoing or recently completed",0.9869,4.408546243687441,1.1324148009941957e-07
gpt2-xl_L20_U5789_D4,gpt2-xl,20,5789,4,"Actions, events, or states of being",0.9807,3.645623292364659,1.636194262544681e-07
gpt2-xl_L20_U5789_D5,gpt2-xl,20,5789,5,"Locations, dates, or time information",0.9721,3.90613446702583,2.706155014460932e-07
gpt2-xl_L20_U6045_D1,gpt2-xl,20,6045,1,Locations and events,0.8063,0.9888360410190868,0.0008484039722678
gpt2-xl_L20_U6045_D2,gpt2-xl,20,6045,2,"Instructions or steps in a process, often related to cooking, baking, repairs, or DIY projects",0.8005,0.9598471971972918,0.0010629549772282
gpt2-xl_L20_U6045_D3,gpt2-xl,20,6045,3,"Consumption, creation, or observation of food, writing, art, collectables, or media, especially when described as new experiences or attempts",0.6078,0.031756473060118,0.2404337598918076
gpt2-xl_L20_U6045_D4,gpt2-xl,20,6045,4,"Events, services, or products offered by a business or organization",0.5861999999999999,0.0084196720701124,0.3479475005030966
gpt2-xl_L20_U6045_D5,gpt2-xl,20,6045,5,"Software, scripts, coding, data, processes, and websites/online platforms",0.2935,-0.6505790278858643,0.0244991626845618
gpt2-xl_L40_U183_D1,gpt2-xl,40,183,1,"Business services, including career services, company recruitment, tours, and consulting, offered by organizations, for students and professionals, in various fields, such as marketing, technology, and healthcare",0.9315,1.5040624916603162,2.5950515179993233e-06
gpt2-xl_L40_U183_D2,gpt2-xl,40,183,2,"Activities related to hobbies including airplane livery design, scrapbooking, SMART team coordination, journaling, early childhood sensory play and development, painting vegetables, taking consumer surveys, decorating with lampshades, fashion shows with shapewear, writing blog posts about gardening, creating slideshows, decorating cakes with fondant, pet adoption, using steel toe boots, hemorrhoid treatments, taxidermy, creating bubble wands from kits, planning weddings, and buying home accessories",0.8772,0.7112107404749691,3.974897765854112e-05
gpt2-xl_L40_U183_D3,gpt2-xl,40,183,3,"Educational/training programs, workshops, or partnerships related to specialized industries, often including a location or company name",0.4974999999999999,-0.0125376953709936,0.9787053932781676
gpt2-xl_L40_U183_D4,gpt2-xl,40,183,4,"Travel, food, and leisure activities, especially those related to water vehicles or bodies of water",0.1536,-0.8277362780695225,0.0001610524175084
gpt2-xl_L40_U183_D5,gpt2-xl,40,183,5,"Tours, programs, workshops, and other planned group events",0.1261999999999999,-0.72879501020036,4.663280914745463e-05
gpt2-xl_L40_U364_D1,gpt2-xl,40,364,1,"Product specifications, features, or descriptions, often involving numbers or measurements",0.9707,2.789034571715797,2.934780751037229e-07
gpt2-xl_L40_U364_D2,gpt2-xl,40,364,2,"Recipes with variations, additions, or components, often quick and easy to make",0.9555,2.9722125166626516,6.97751349660852e-07
gpt2-xl_L40_U364_D3,gpt2-xl,40,364,3,"Communication methods, software functionalities, data and service access, or file and data loss",0.8366,0.7507630413353822,0.0002457878525194
gpt2-xl_L40_U364_D4,gpt2-xl,40,364,4,"Quantities, monetary amounts, times, dates, or locations relating to prices, deals, bargains, travel, or events",0.8036,0.8081473460318738,0.0009427247404133
gpt2-xl_L40_U364_D5,gpt2-xl,40,364,5,"Provision of resources, services, or information",0.6854,0.1148538194505046,0.0434527684334252
gpt2-xl_L40_U556_D1,gpt2-xl,40,556,1,"Religious or spiritual themes, often relating to specific figures or groups, sometimes involving personal experiences or beliefs",0.7623,0.803221842439457,0.0042748592094394
gpt2-xl_L40_U556_D2,gpt2-xl,40,556,2,"Prices or measurements of beauty, fashion, or health-related products",0.4444999999999999,-0.1481688511574964,0.5457699835397606
gpt2-xl_L40_U556_D3,gpt2-xl,40,556,3,"Funding of projects and initiatives related to healthcare, social issues, and education",0.233,-0.6889063458299982,0.0036335465920216
gpt2-xl_L40_U556_D4,gpt2-xl,40,556,4,"Plans for routes or facilities involving transportation, buildings, or events",0.1741,-1.0539588671659788,0.0003851783143619
gpt2-xl_L40_U556_D5,gpt2-xl,40,556,5,"Business plans, financial planning, service offers, business platforms, or a project's milestones",0.0556,-0.9013719553131184,1.2915007436543733e-06
gpt2-xl_L40_U824_D1,gpt2-xl,40,824,1,"Government-related scandals and investigations, particularly those involving leaks, cover-ups, or accusations of wrongdoing",0.9863,3.8264485286438,1.1736994650685417e-07
gpt2-xl_L40_U824_D2,gpt2-xl,40,824,2,"Discussions about difficult personal matters, especially those related to family and mental health, and the importance of open communication and finding a suitable person to confide in",0.9649,2.42256960207149,4.096916205390215e-07
gpt2-xl_L40_U824_D3,gpt2-xl,40,824,3,"Data privacy, security, and protection",0.1800999999999999,-0.5884331248261435,0.0004927481243914
gpt2-xl_L40_U824_D4,gpt2-xl,40,824,4,"Automotive features, especially revealed for Mercedes and other brands, often related to size or technical aspects",0.1451,-0.729734145577245,0.0001106429889376
gpt2-xl_L40_U824_D5,gpt2-xl,40,824,5,"Locations, often neighborhoods or districts, and named entities associated with those locations",0.0179,-1.3454379271441617,1.5063031251411585e-07
gpt2-xl_L40_U1516_D1,gpt2-xl,40,1516,1,"Travel, events, relationships, personal goals, and rules/guidelines",0.7783,0.7875287338785841,0.002433833018813
gpt2-xl_L40_U1516_D2,gpt2-xl,40,1516,2,"Journeys and excursions, often with a specific destination or purpose",0.6716,0.9647575376979964,0.0616249301870025
gpt2-xl_L40_U1516_D3,gpt2-xl,40,1516,3,"Legal cases, particularly theft and court proceedings, and discussions of sports teams and players",0.3758,-0.5195785297692007,0.176191032345058
gpt2-xl_L40_U1516_D4,gpt2-xl,40,1516,4,"Luxury accommodations, often hotels or resorts, and their amenities, along with special events like weddings and other formal occasions",0.1085,-1.117805351550019,2.0014582783395017e-05
gpt2-xl_L40_U1516_D5,gpt2-xl,40,1516,5,"Medical conditions, types of medical treatment, or medical professionals, sometimes involving a duration or repeating pattern",0.0072,-1.8285194379700536,7.945558028199424e-08
gpt2-xl_L40_U1555_D1,gpt2-xl,40,1555,1,"Financial transactions, particularly those involving insurance, banking, or investments, with an emphasis on low cost or best value",0.9574,1.9069687740310384,6.270688698416197e-07
gpt2-xl_L40_U1555_D2,gpt2-xl,40,1555,2,"Financial transactions, logistics, or sports betting",0.2941999999999999,0.0560958859871673,0.0249883140624377
gpt2-xl_L40_U1555_D3,gpt2-xl,40,1555,3,"Questions about weight gain/loss and business/marketing strategies, especially those related to online ventures",0.1948,-0.5496687879576873,0.000885721702705
gpt2-xl_L40_U1555_D4,gpt2-xl,40,1555,4,"Travel, transportation, routes, or costs related to cars, planes, or other travel methods",0.1622,-0.6698116673024485,0.000233524087139
gpt2-xl_L40_U1555_D5,gpt2-xl,40,1555,5,"Requests, instructions, or advice relating to products or services",0.1521,-0.8157321683388737,0.0001508175638415
gpt2-xl_L40_U1823_D1,gpt2-xl,40,1823,1,"Positive qualities of places to stay or accommodations, including amenities, services, and overall atmosphere",0.7872,0.6540732670337354,0.0017575396381282
gpt2-xl_L40_U1823_D2,gpt2-xl,40,1823,2,"Past events, especially from a year ago or more",0.6758,0.2353454489817714,0.0555253496403972
gpt2-xl_L40_U1823_D3,gpt2-xl,40,1823,3,Changes in a property's level/amount/intensity over time,0.4859,-0.2216344898580153,0.878342715784781
gpt2-xl_L40_U1823_D4,gpt2-xl,40,1823,4,"A discussion of a planned or executed collaborative effort related to health, work, or community improvement",0.2935,-0.5860535103827853,0.0244991626845618
gpt2-xl_L40_U1823_D5,gpt2-xl,40,1823,5,Promotional products or gifts relating to cuteness and popularity with customers,0.0566,-1.017223871539947,1.3642154487746706e-06
gpt2-xl_L40_U3254_D1,gpt2-xl,40,3254,1,"Experiences related to entertainment, social interactions, personal anecdotes, or products/brands, often with a focus on reactions or opinions",0.0125,-3.11823379356123,1.0925370154945094e-07
gpt2-xl_L40_U3254_D2,gpt2-xl,40,3254,2,"Automotive repair, home improvement, and 3D printing services",0.0115,-3.43154974662583,1.029075356074078e-07
gpt2-xl_L40_U3254_D3,gpt2-xl,40,3254,3,"Training, coaching, or mentorship programs and the benefits they provide",0.0093,-3.4017857874328685,9.017690101350517e-08
gpt2-xl_L40_U3254_D4,gpt2-xl,40,3254,4,"Topics related to politics, sports, and current events, specifically focusing on major decisions, outcomes, and controversies",0.0041,-3.8817221598040823,6.585267925979239e-08
gpt2-xl_L40_U3254_D5,gpt2-xl,40,3254,5,"Consumption of food, beverages, or medications, sometimes for free or at a reduced price",0.0022,-4.0663772182709295,5.8661450106368925e-08
gpt2-xl_L40_U3515_D1,gpt2-xl,40,3515,1,"Relating to professional services, products, or qualifications, often involving quality, standards, or certifications, sometimes in specific industries like construction, healthcare, or finance, and often with a focus on providing confidence or ensuring best practices",0.1628,-1.1530256467426088,0.0002395823582836
gpt2-xl_L40_U3515_D2,gpt2-xl,40,3515,2,"Educational programs, sporting events, locations, and services related to transportation, accommodation, and property management",0.0957,-1.399623898748233,1.0618468531406408e-05
gpt2-xl_L40_U3515_D3,gpt2-xl,40,3515,3,"Sports team member, sports event, or sports period",0.0792,-1.5914478220479271,4.562895646160938e-06
gpt2-xl_L40_U3515_D4,gpt2-xl,40,3515,4,"Discussions of professional certifications or licenses, often in the context of career development or employment opportunities, and sometimes relating to medical fields, or the seeking of training or education",0.0531,-1.800252958895738,1.125657171320246e-06
gpt2-xl_L40_U3515_D5,gpt2-xl,40,3515,5,"Actions related to enhancing, improving, or fixing the appearance of something, often focusing on quality and attention to detail",0.0055,-2.159343109973403,7.169064437859728e-08
gpt2-xl_L40_U3612_D1,gpt2-xl,40,3612,1,"Ineffectiveness of interventions, questioning of evidence supporting interventions, negative impacts of certain products or substances, and analysis of studies or research",0.9121,1.872679508313617,7.150499566031616e-06
gpt2-xl_L40_U3612_D2,gpt2-xl,40,3612,2,"Health benefits of avocado, color testing tools, gene normalization for hPDL fibroblasts, teriyaki chicken wings, reptile hemoparasite identification, hemorrhoid treatments, omega-3 fatty acid supplements for fertility, baking trout, plant-based protein powder, sleeping aids market analysis, anti-pigmentation cream, air purifier selection for allergies, quartz varieties, weight management supplement, cotton bag production, Italian pasta salad nutrition, calendula cream ingredients, stimulant-free energy supplement, and cichlid feeding habits",0.9104,1.59880750019266,7.79866870579308e-06
gpt2-xl_L40_U3612_D3,gpt2-xl,40,3612,3,"Professional standards, requirements, and practices related to a variety of fields, including surveying, reviewing products/services, nutrition, data analysis, education, healthcare, music, and spirituality",0.8176,0.8980613961349276,0.0005409579759754
gpt2-xl_L40_U3612_D4,gpt2-xl,40,3612,4,"Descriptions, specifications, instructions, or analysis of data or information often involving numbered or specific items",0.6535,0.2692397055267328,0.0945655762543941
gpt2-xl_L40_U3612_D5,gpt2-xl,40,3612,5,"Quantities, time, or durations related to food, events, or other items",0.5561,-0.1605087024804881,0.5414328959803529
gpt2-xl_L40_U3636_D1,gpt2-xl,40,3636,1,"Food preparation, especially baking and cooking, with details of ingredients, methods, and sometimes tools or equipment",0.6769000000000001,0.4885269587106114,0.0540137021056863
gpt2-xl_L40_U3636_D2,gpt2-xl,40,3636,2,"Camera equipment and settings, including lenses, zoom, frame, light, and f-stop",0.6482,0.3590268118555738,0.1065168096124487
gpt2-xl_L40_U3636_D3,gpt2-xl,40,3636,3,"Division of assets/property, medical procedures/treatments, legal disputes/court proceedings, and organizational activities/events",0.5042,0.1216600198789745,0.9639375474995232
gpt2-xl_L40_U3636_D4,gpt2-xl,40,3636,4,"Requirements, instructions, or demands related to services, actions, or costs, often within the context of contracts, agreements, or official processes",0.1869,-1.251940184913206,0.0006482390716559
gpt2-xl_L40_U3636_D5,gpt2-xl,40,3636,5,"Events, particularly those related to conflict, competition, or problematic situations",0.0193,-1.402066822657229,1.636194262544681e-07
gpt2-xl_L40_U3948_D1,gpt2-xl,40,3948,1,"Culinary experiences, fashion, and beauty services, often with a focus on high quality, unique offerings, and customer satisfaction",0.984,3.809527603480296,1.345871789755623e-07
gpt2-xl_L40_U3948_D2,gpt2-xl,40,3948,2,"Nightlife, restaurants, or entertainment venues",0.9651,3.0325155516184905,4.050317980528093e-07
gpt2-xl_L40_U3948_D3,gpt2-xl,40,3948,3,"Software development, design, and implementation, especially web and application development, including UI/UX design and branding",0.6254,-0.1021638375831517,0.1720488701320578
gpt2-xl_L40_U3948_D4,gpt2-xl,40,3948,4,"Concepts of personal growth, learning, and self-discovery, often in the context of acquiring a new skill or understanding a concept related to language, profession, or personal development",0.4961,-0.1646200616435682,0.96654288374868
gpt2-xl_L40_U3948_D5,gpt2-xl,40,3948,5,"French language learning, professional certifications and qualifications, and company services related to specific industries",0.4557,-0.2078695082454185,0.6297418577890953
gpt2-xl_L40_U4055_D1,gpt2-xl,40,4055,1,"Concepts related to input devices and terminals, specifically their access methods, ports, and connection configurations",0.9772,3.160600090063997,2.0100759771977238e-07
gpt2-xl_L40_U4055_D2,gpt2-xl,40,4055,2,"Criteria for high status, especially in employment and education, in relation to leadership and access to services",0.823,0.4289133053550577,0.0004340895005018
gpt2-xl_L40_U4055_D3,gpt2-xl,40,4055,3,"Concepts of dolls, games, movies, TV shows, music, and software in a context of a personal story or review mentioning specific names or titles",0.7643,0.6067599546900787,0.0039903581682612
gpt2-xl_L40_U4055_D4,gpt2-xl,40,4055,4,"Computer accessories, including network attached storage, KVM switches, loop pedals, and replacement batteries, as well as car safety features such as seat belts",0.1767999999999999,-0.6358097655660011,0.0004305384256306
gpt2-xl_L40_U4055_D5,gpt2-xl,40,4055,5,"Dates and locations of events, often including specific times and ages of participants",0.0675,-0.7855041141381846,2.4600811814296365e-06
gpt2-xl_L40_U4244_D1,gpt2-xl,40,4244,1,"Body, mind, or emotions, especially related to intentional self-care or activities",0.8681000000000001,0.9382666215341668,6.077220499612683e-05
gpt2-xl_L40_U4244_D2,gpt2-xl,40,4244,2,"Discussions of religious events, specifically anniversaries of unions or councils within a church, and locations, dates, and key figures involved",0.7243,0.1945306729945116,0.0145602824171804
gpt2-xl_L40_U4244_D3,gpt2-xl,40,4244,3,"Abilities, skills, or qualifications that can be used to achieve future goals or outcomes",0.6187999999999999,-0.0824484019725587,0.195753537557521
gpt2-xl_L40_U4244_D4,gpt2-xl,40,4244,4,"Beverages, food, medications, or other consumable substances, sometimes in relation to specific brands, purposes, or events",0.5712,-0.1194698971002239,0.4382466020269561
gpt2-xl_L40_U4244_D5,gpt2-xl,40,4244,5,"Locations, buildings, events, or services and the ability or opportunity to use, access, or engage with them",0.5569,-0.1892782056500571,0.5356770089982614
gpt2-xl_L40_U4808_D1,gpt2-xl,40,4808,1,"Sports team performance, including wins, losses, scores, player injuries, and upcoming matches",0.9754,3.341460818779812,2.2332623019397122e-07
gpt2-xl_L40_U4808_D2,gpt2-xl,40,4808,2,"Themes of creative work, products, or brands, and their consumption, creation, or marketing, especially in the context of feelings of connection, belonging, or shared experience",0.1819,-1.0906804075160397,0.0005301181332461
gpt2-xl_L40_U4808_D3,gpt2-xl,40,4808,3,"Marketing, advertising, branding, business growth, and customer acquisition, often in relation to digital platforms like websites and social media",0.0151,-1.5984723766620794,1.2757730170965157e-07
gpt2-xl_L40_U4808_D4,gpt2-xl,40,4808,4,"Products or items related to online retail, including customer experience, shipping information, and descriptions",0.0103,-1.7663607553614735,9.576225411624417e-08
gpt2-xl_L40_U4808_D5,gpt2-xl,40,4808,5,"Real estate, home renovation, car services, or travel and leisure offerings, especially including information and services provided",0.0088,-1.824144792853318,8.750382036173956e-08
gpt2-xl_L40_U4965_D1,gpt2-xl,40,4965,1,"Temporal expressions of durations of reigns, terms, or events",0.9835,2.903001810656421,1.3864106879928018e-07
gpt2-xl_L40_U4965_D2,gpt2-xl,40,4965,2,"Topics, issues, or subjects being discussed, presented, provided, found, or searched, sometimes with a location or time element",0.9789,2.852816715768828,1.819185387574221e-07
gpt2-xl_L40_U4965_D3,gpt2-xl,40,4965,3,"The semantic concept that activates this neuron appears to be forms of the verb ""to be,"" particularly in contexts discussing entertainment, media, or current events.  The activated words frequently include ""[is]"", ""[was]"", ""[are]"",  ""[be]"", ""[been]"", and contracted forms like ""[‘s]"", and often appear alongside discussions of movies, music, or public figures",0.9585,1.6928410779073966,5.893567412476273e-07
gpt2-xl_L40_U4965_D4,gpt2-xl,40,4965,4,"Ratings, quantities, and names of places, people, or things",0.9165,1.395367352230267,5.7034308934333146e-06
gpt2-xl_L40_U4965_D5,gpt2-xl,40,4965,5,"Products and brands, often with model specifications, and sometimes dates",0.8764,1.0422845867473791,4.127608326133438e-05
gpt2-xl_L40_U5557_D1,gpt2-xl,40,5557,1,"Discussions of software, technology, features, USB, internet, and/or Android",0.8803000000000001,1.0630081565608762,3.432296222521299e-05
gpt2-xl_L40_U5557_D2,gpt2-xl,40,5557,2,"Medical, educational, or childcare programs and services",0.8171999999999999,0.7120593790376308,0.0005497781577717
gpt2-xl_L40_U5557_D3,gpt2-xl,40,5557,3,"Themes of family, holidays, and special occasions, often involving gifts or symbolic gestures",0.7857,0.6415613839831711,0.0018578081788318
gpt2-xl_L40_U5557_D4,gpt2-xl,40,5557,4,"Events, occasions, or festivals, often with a time element",0.742,0.3550109207316828,0.0083896835802252
gpt2-xl_L40_U5557_D5,gpt2-xl,40,5557,5,"A date, duration, negation, or characteristics of something, possibly a geographic feature, followed by a modal verb, and potentially a pronoun or proper noun",0.7326999999999999,0.2868522109821432,0.011255952975387
gpt2-xl_L40_U6067_D1,gpt2-xl,40,6067,1,Discussions of formal speeches by US presidents,0.9905,4.333665961863622,9.126812326913537e-08
gpt2-xl_L40_U6067_D2,gpt2-xl,40,6067,2,Holiday or special occasion accessories/decorations,0.961,2.339779514564362,5.116034342847904e-07
gpt2-xl_L40_U6067_D3,gpt2-xl,40,6067,3,"Recollection, usage, or discussion of educational resources, creative works, personal experiences, media, or specific items",0.9457,1.93924777621546,1.2025287238173608e-06
gpt2-xl_L40_U6067_D4,gpt2-xl,40,6067,4,"Descriptions, explanations, or instructions related to methods or processes",0.8814000000000001,1.186339792293235,3.257265205445834e-05
gpt2-xl_L40_U6067_D5,gpt2-xl,40,6067,5,"Events, often with a time and/or a date",0.8382000000000001,0.694946448835887,0.0002295654275887
gpt2-xl_L40_U6106_D1,gpt2-xl,40,6106,1,"Camera, audio equipment, or video game features and functions",0.7733,1.3034439879930324,0.0029110756272782
gpt2-xl_L40_U6106_D2,gpt2-xl,40,6106,2,"Negative consequences of revealing plot details in movie trailers, TV shows, presentations, news articles, and other media",0.6614,0.0172169483833604,0.0787715185527821
gpt2-xl_L40_U6106_D3,gpt2-xl,40,6106,3,Conditions of sale or intended use,0.2029,-0.7307085871944494,0.0012110323616301
gpt2-xl_L40_U6106_D4,gpt2-xl,40,6106,4,"Artistic creation, its process, and its commercial aspects",0.1965,-0.4877500369714355,0.000946397902342
gpt2-xl_L40_U6106_D5,gpt2-xl,40,6106,5,"Audio-visual media, digital platforms, and services related to legal, medical, or financial consultations or transactions",0.0116,-1.3135014602305888,1.035257361666066e-07
gpt2-xl_L40_U6364_D1,gpt2-xl,40,6364,1,"Attributes of vehicles, specifically fuel type, engine size, mileage, transmission, drivetrain, and additional features like navigation systems or heated seats",0.0402,-1.98713139323441,5.476030444124299e-07
gpt2-xl_L40_U6364_D2,gpt2-xl,40,6364,2,"First-person narratives discussing personal experiences, often including specific items or activities",0.0229,-2.1108112205100453,2.0218881350924727e-07
gpt2-xl_L40_U6364_D3,gpt2-xl,40,6364,3,"Events, gatherings, or locations, often related to religion, family, or recreation, including specific details or characteristics",0.0224,-2.264749365214031,1.9634908171596067e-07
gpt2-xl_L40_U6364_D4,gpt2-xl,40,6364,4,"Network management, pediatric neurology, airline services, vehicular accidents, tropical cyclones, plant viruses, stressful times and new jobs, bicycle and pedestrian safety, gasoline station emergencies, dialysis treatment errors, video surveillance, vaccines, natural resource extraction projects, real estate websites, influenza virus evolution, and board meetings",0.0147,-2.537153894889988,1.245764188216172e-07
gpt2-xl_L40_U6364_D5,gpt2-xl,40,6364,5,"Descriptions of conflicts, competitions, or challenging situations, often involving proper nouns of people, organizations, locations, or events",0.0054,-3.255438294517813,7.12575370065108e-08
Llama-3.1-8B-Instruct_L0_U823_D1,Llama-3.1-8B-Instruct,0,823,1,"Discussions of transportation, locations, relocation, real estate, and employment/jobs",0.9276,1.7482515916744124,3.19255106288193e-06
Llama-3.1-8B-Instruct_L0_U823_D2,Llama-3.1-8B-Instruct,0,823,2,"Methods, approaches, or activities that enable individuals to achieve desired objectives or improvements related to personal or professional situations",0.924,1.5126549757814045,3.859552115753656e-06
Llama-3.1-8B-Instruct_L0_U823_D3,Llama-3.1-8B-Instruct,0,823,3,"Activities and events, often with food, locations, or time references",0.885,1.2742430361682164,2.741837351827129e-05
Llama-3.1-8B-Instruct_L0_U823_D4,Llama-3.1-8B-Instruct,0,823,4,"Locations, people, and events related to safety and returning",0.8766,1.3361242341745525,4.088917092053875e-05
Llama-3.1-8B-Instruct_L0_U823_D5,Llama-3.1-8B-Instruct,0,823,5,"A description of a product or service related to home improvement, often involving a specific material or feature, and occasionally mentioning a location or brand",0.8126,1.114919386629031,0.0006613094658388
Llama-3.1-8B-Instruct_L0_U1997_D1,Llama-3.1-8B-Instruct,0,1997,1,"Accomplishments, resources, and development opportunities in business, technology, and government sectors",0.9983,6.258576387656727,5.68992822176874e-08
Llama-3.1-8B-Instruct_L0_U1997_D2,Llama-3.1-8B-Instruct,0,1997,2,"Proper nouns related to people, places, organizations, and events",0.9915,4.809209954363201,8.593696940695784e-08
Llama-3.1-8B-Instruct_L0_U1997_D3,Llama-3.1-8B-Instruct,0,1997,3,"Products or items, often described with specific attributes like materials, brands, or styles",0.9907,4.3013845026453685,9.017690101350517e-08
Llama-3.1-8B-Instruct_L0_U1997_D4,Llama-3.1-8B-Instruct,0,1997,4,"Products or services, often with associated locations, sizes, or quantities",0.9835,3.674147488042086,1.3864106879928018e-07
Llama-3.1-8B-Instruct_L0_U1997_D5,Llama-3.1-8B-Instruct,0,1997,5,"Second person perspective related to encouragement, doing, or refraining from doing something",0.9792,3.0394939348130956,1.7873702400367636e-07
Llama-3.1-8B-Instruct_L0_U2395_D1,Llama-3.1-8B-Instruct,0,2395,1,"Events, projects, or initiatives and their associated details such as locations, dates, times, or descriptions",1.0,4.577533675274222,5.1283388415865974e-08
Llama-3.1-8B-Instruct_L0_U2395_D2,Llama-3.1-8B-Instruct,0,2395,2,"Oaths, love, pledges, events, diets, locations, medical procedures, faith, teaching, spiritual experiences",0.9997,4.064661792214446,5.2233768642952676e-08
Llama-3.1-8B-Instruct_L0_U2395_D3,Llama-3.1-8B-Instruct,0,2395,3,"Discussions of product or service quality, sometimes with a focus on customer satisfaction or specific client needs",0.9987,3.3198806302877277,5.552658549556702e-08
Llama-3.1-8B-Instruct_L0_U2395_D4,Llama-3.1-8B-Instruct,0,2395,4,"Professional services in diverse sectors, often involving legal, technological, or specialized expertise",0.9973,2.9625433779069223,6.047644888048207e-08
Llama-3.1-8B-Instruct_L0_U2395_D5,Llama-3.1-8B-Instruct,0,2395,5,"Products or services, especially customized or bespoke ones",0.7443000000000001,1.2397882062164352,0.007790223288563
Llama-3.1-8B-Instruct_L0_U3016_D1,Llama-3.1-8B-Instruct,0,3016,1,"Discussions about products, services, or events, where there is an emphasis on personal thoughts, experiences, or opinions related to their quality, impact, or relevance",0.2455,-0.7319400683170354,0.0055686523354329
Llama-3.1-8B-Instruct_L0_U3016_D2,Llama-3.1-8B-Instruct,0,3016,2,"Functionality, status, or characteristics of electronic devices, sometimes including identification, location, updates, or cost",0.2061,-0.8846378643311498,0.0013675873802193
Llama-3.1-8B-Instruct_L0_U3016_D3,Llama-3.1-8B-Instruct,0,3016,3,"Small consumable or usable products, often described with brand names, in contexts related to their utility or application",0.1112999999999999,-1.2109411467728408,2.2934337482864253e-05
Llama-3.1-8B-Instruct_L0_U3016_D4,Llama-3.1-8B-Instruct,0,3016,4,"Years, locations, and events or initiatives related to improving lives or situations",0.0645,-1.7278508731672184,2.0944096680559136e-06
Llama-3.1-8B-Instruct_L0_U3016_D5,Llama-3.1-8B-Instruct,0,3016,5,"The ability, quality, or worth of something, often related to tenure, activities, remarks, or plans, and sometimes contrasted with alternative options",0.0572,-1.7322443961463376,1.4097173918292526e-06
Llama-3.1-8B-Instruct_L0_U3887_D1,Llama-3.1-8B-Instruct,0,3887,1,"Titles, names, locations, and numbers related to entertainment, products, or events",0.5945,0.3080046349363008,0.3034778570087925
Llama-3.1-8B-Instruct_L0_U3887_D2,Llama-3.1-8B-Instruct,0,3887,2,"Books, book boxes, clothing items, locations, tools, or treatments",0.3991,-0.2082219366163091,0.2718858915838329
Llama-3.1-8B-Instruct_L0_U3887_D3,Llama-3.1-8B-Instruct,0,3887,3,"Creative works, entertainment, life events, software features, and personal reflections",0.2522999999999999,-0.6771799270403558,0.0069742559634814
Llama-3.1-8B-Instruct_L0_U3887_D4,Llama-3.1-8B-Instruct,0,3887,4,"Middle Eastern or Iraqi news, business, energy, politics, or security, company information including organization, departments, production, and markets, software or operating systems, educational programs or institutions, healthcare and medical procedures or financing, concentrated solar power (CSP) or other energy technologies, construction projects, or photography exhibitions or galleries",0.2289,-0.7701281244436671,0.0031469496275474
Llama-3.1-8B-Instruct_L0_U3887_D5,Llama-3.1-8B-Instruct,0,3887,5,"Business, financial, technological services, or digital content related to regulations, compliance, intellectual property, and/or security",0.1204,-1.261014610668474,3.548291678012974e-05
Llama-3.1-8B-Instruct_L0_U5359_D1,Llama-3.1-8B-Instruct,0,5359,1,"Locations or individuals associated with residential properties, universities, geographic regions, historical sites, solar flares, language models, temples, and video games",0.1126,-1.191915145532592,2.442375193678229e-05
Llama-3.1-8B-Instruct_L0_U5359_D2,Llama-3.1-8B-Instruct,0,5359,2,"Themes of a person's occupation, a negative action, or a political entity",0.1002,-1.5259345976878202,1.329733928041263e-05
Llama-3.1-8B-Instruct_L0_U5359_D3,Llama-3.1-8B-Instruct,0,5359,3,"Questions about various topics, often related to cost, effectiveness, or proper usage, and often including conditional clauses or the word ""if""",0.0455,-1.8799947973667075,7.379752621842835e-07
Llama-3.1-8B-Instruct_L0_U5359_D4,Llama-3.1-8B-Instruct,0,5359,4,Attributes of footwear or tools and home improvement ideas,0.0432,-2.4895944592408417,6.486086211420512e-07
Llama-3.1-8B-Instruct_L0_U5359_D5,Llama-3.1-8B-Instruct,0,5359,5,"Concepts related to specifications or requirements, especially in contexts of quality, legality, logic, or risk, including processes related to efficiency, compliance, and improvement",0.0396,-1.9226740328757217,5.293082088920167e-07
Llama-3.1-8B-Instruct_L0_U5716_D1,Llama-3.1-8B-Instruct,0,5716,1,"Conditional acceptance, approval, or affirmation, often concerning life decisions, personal preferences, or relationships",0.7952,0.971866389115081,0.0013018619492635
Llama-3.1-8B-Instruct_L0_U5716_D2,Llama-3.1-8B-Instruct,0,5716,2,"Discussions of controversial topics or events involving business, film, television, music, politics, sports, or social media",0.7339,0.6104013695523135,0.0108428142283934
Llama-3.1-8B-Instruct_L0_U5716_D3,Llama-3.1-8B-Instruct,0,5716,3,"Professional services, including VPNs, education, home improvement, local businesses, environmental consulting, dental care, franchising, climate change information, rope access training, pharmacy, and customer service",0.6587000000000001,0.3649431481844575,0.0839087894287657
Llama-3.1-8B-Instruct_L0_U5716_D4,Llama-3.1-8B-Instruct,0,5716,4,"Experiences related to food, drinks, or products, often with a positive connotation, sometimes relating to a specific location or brand",0.5811,0.2119335200140722,0.3772281854500174
Llama-3.1-8B-Instruct_L0_U5716_D5,Llama-3.1-8B-Instruct,0,5716,5,"Products or features that improve quality of life, convenience, or user experience, especially related to technology, home appliances, outdoor gear, and health",0.5271,0.0309832259768636,0.768221933641269
Llama-3.1-8B-Instruct_L0_U6179_D1,Llama-3.1-8B-Instruct,0,6179,1,"Artistic performances, maritime safety, renewable energy, medical professions, rope access, organizational leadership, real estate sector, and geographic locations",0.7434,0.6254311757814551,0.0080200670339593
Llama-3.1-8B-Instruct_L0_U6179_D2,Llama-3.1-8B-Instruct,0,6179,2,"Programming languages (especially JVM-based languages like Java, Kotlin and Scala), software tools/environments (like Docker or software for editing games), customization of software and products (like website themes, game cheats, or user interfaces), legal terms and conditions (especially regarding websites), and filesystems and backups (particularly in the context of mail servers)",0.3242,-0.2293748947033292,0.0555253496403972
Llama-3.1-8B-Instruct_L0_U6179_D3,Llama-3.1-8B-Instruct,0,6179,3,"Features of vehicles, electronic devices, or locations, especially when described as high-quality, unique, convenient, or powerful",0.2631,-0.7780403283051216,0.009868355411404
Llama-3.1-8B-Instruct_L0_U6179_D4,Llama-3.1-8B-Instruct,0,6179,4,"Color, dialog, language translation, biography, state history, Amazon Prime Reading, memory improvement, music, Twine files, card game mechanics, Minecraft gameplay, theater date, childbirth, makeup palette, art, mobile app development, museum visit, and dialectical behavior therapy",0.1168,-1.134912444333617,2.9890092790988614e-05
Llama-3.1-8B-Instruct_L0_U6179_D5,Llama-3.1-8B-Instruct,0,6179,5,"Discussions of locations, events, and people, often with a temporal aspect like dates or time periods",0.0849,-1.5421211503445813,6.130357133499786e-06
Llama-3.1-8B-Instruct_L0_U7117_D1,Llama-3.1-8B-Instruct,0,7117,1,"Career changes, new jobs, or career advancements, often with a focus on the digital space",0.9305,1.607596337490269,2.73711374801689e-06
Llama-3.1-8B-Instruct_L0_U7117_D2,Llama-3.1-8B-Instruct,0,7117,2,"Software and hardware drivers, video game descriptions, mobile phone specifications, and educational/training materials",0.9249,1.557859703230563,3.6812681927536713e-06
Llama-3.1-8B-Instruct_L0_U7117_D3,Llama-3.1-8B-Instruct,0,7117,3,"Sports injuries, game outcomes, and player careers",0.9029,1.3755817458350144,1.139109996356554e-05
Llama-3.1-8B-Instruct_L0_U7117_D4,Llama-3.1-8B-Instruct,0,7117,4,"Locations, weights, and family members related to childbirth, restaurant menus with food items, prices, and locations, details of entertainment events including artists, ticket prices, and venues, travel destinations with lodging and costs, obituaries listing family, locations, and services, company performance in terms of revenue and investments, and summit information including location, dates, and activities",0.7755,0.7380643727875289,0.0026914448030505
Llama-3.1-8B-Instruct_L0_U7117_D5,Llama-3.1-8B-Instruct,0,7117,5,Modal auxiliaries followed by desirable attributes relating to an entity or event,0.7444000000000001,0.6546084384878583,0.0077650529188289
Llama-3.1-8B-Instruct_L0_U7181_D1,Llama-3.1-8B-Instruct,0,7181,1,"Medical conditions, procedures, government agencies and programs related to public health and/or public services",0.8921,1.6020233019380068,1.94367391800201e-05
Llama-3.1-8B-Instruct_L0_U7181_D2,Llama-3.1-8B-Instruct,0,7181,2,"Ownership, locations, and years",0.5569000000000001,0.1136654376143758,0.5356770089982614
Llama-3.1-8B-Instruct_L0_U7181_D3,Llama-3.1-8B-Instruct,0,7181,3,"Religious buildings, religious figures, religious concepts, legal cases, locations, natural disasters",0.3872,-0.3719032879409691,0.2193055631058136
Llama-3.1-8B-Instruct_L0_U7181_D4,Llama-3.1-8B-Instruct,0,7181,4,"Locations, tools/equipment, or products related to workplaces or jobs, often related to protective gear or tools",0.3306,-0.5464697198598681,0.0650351435071189
Llama-3.1-8B-Instruct_L0_U7181_D5,Llama-3.1-8B-Instruct,0,7181,5,"Concepts of inevitability, change, and the future, frequently related to digital minds, technology, or societal shifts",0.2349,-0.7693088798659959,0.0038814543305672
Llama-3.1-8B-Instruct_L0_U8039_D1,Llama-3.1-8B-Instruct,0,8039,1,"Technical specifications of various products, including measurements, materials, functionality, and operating conditions",0.9972,1.461984584807566,6.084592210256089e-08
Llama-3.1-8B-Instruct_L0_U8039_D2,Llama-3.1-8B-Instruct,0,8039,2,"Months, years, names of people or organizations, places, deadlines, and monetary amounts related to resumes, residencies/fellowships, home inspections, business ventures, subscriptions, exhibitions, academic studies, construction projects, or legal cases",0.9712,0.918313642880628,2.851065911726855e-07
Llama-3.1-8B-Instruct_L0_U8039_D3,Llama-3.1-8B-Instruct,0,8039,3,"Entertainment, media, software, and events, especially in relation to specific dates, locations, or versions",0.9711,0.9282052330205016,2.8676222214266605e-07
Llama-3.1-8B-Instruct_L0_U8039_D4,Llama-3.1-8B-Instruct,0,8039,4,"Linguistics, religion, digital media, contemporary art, health",0.9375,0.7353784187541873,1.880274345485669e-06
Llama-3.1-8B-Instruct_L0_U8039_D5,Llama-3.1-8B-Instruct,0,8039,5,"Footwear, nachos, beds, whales, alcoholic beverages, closets, reeds, balloons, warranties, spas, dinnerware, scenic views, appliances, deals, detergents, costumes, saunas, sinks, and trombones",0.7055,0.3808038421894655,0.0252005254222189
Llama-3.1-8B-Instruct_L0_U9782_D1,Llama-3.1-8B-Instruct,0,9782,1,"Solar flares, chimney and dryer vent animal intrusions, mineral and ore processing, malfunctioning computer systems, drill bits, Florida maps, portable lift assist devices for injury prevention, TrackIR flight simulator head tracking, airline services, Chevrolet Silverado trucks, pituitary gland disorders, and soybean inoculants",0.9837,3.853554414092643,1.3700553560075196e-07
Llama-3.1-8B-Instruct_L0_U9782_D2,Llama-3.1-8B-Instruct,0,9782,2,"Jamaican Patois, migrant flows to Europe, Cuban-American assimilation in Florida, digital marketing internships, religious objections to contraception mandates, surgically facilitated orthodontic therapy, conversational skills, abolition of the death penalty for drug offences, cost of living in Singapore, Parseltongue in Harry Potter, flash fiction writing contests, economic growth in the Philippines, medical leadership training within the NHS, nurse anesthetist training and career prospects, marketing analytics in the e-commerce sector, rural broadband development in Kansas, land surveyor induction ceremony in Nigeria, mental health counseling graduate degree at UTEP",0.4534,-0.1815488338552254,0.612050966786212
Llama-3.1-8B-Instruct_L0_U9782_D3,Llama-3.1-8B-Instruct,0,9782,3,"Types of fluffy, usually small, animal figurines, often with additional features like ribbons or printed cardboard parts, and their characteristics, along with different uses for them like advertising",0.3662,-0.239673573515829,0.1450707424811803
Llama-3.1-8B-Instruct_L0_U9782_D4,Llama-3.1-8B-Instruct,0,9782,4,"Real estate, legal, financial, or medical services in Florida, or more generally services related to accounts, memberships, procedures, leases, property, invoices, or shipping",0.3340999999999999,-0.4378827899111905,0.0707802062780615
Llama-3.1-8B-Instruct_L0_U9782_D5,Llama-3.1-8B-Instruct,0,9782,5,"Themes of royalty, music, and religion",0.1139,-2.035204371342174,2.6004899990084055e-05
Llama-3.1-8B-Instruct_L0_U9811_D1,Llama-3.1-8B-Instruct,0,9811,1,"Self-perception, actions, and emotional responses, particularly in relation to others and societal expectations",0.8339,0.7904013462784222,0.0002756246970975
Llama-3.1-8B-Instruct_L0_U9811_D2,Llama-3.1-8B-Instruct,0,9811,2,"Business, travel, and locations related to partnerships or agreements",0.7532,0.6388588257935723,0.0058157649606601
Llama-3.1-8B-Instruct_L0_U9811_D3,Llama-3.1-8B-Instruct,0,9811,3,"Abilities, possibilities, and circumstances related to real estate, housing, or properties, often with a locational or regional context",0.7299,0.481935365845779,0.0122747556082632
Llama-3.1-8B-Instruct_L0_U9811_D4,Llama-3.1-8B-Instruct,0,9811,4,"Capability, ability, potential, resources, or opportunity",0.6998,0.4690101410093408,0.029539175166574
Llama-3.1-8B-Instruct_L0_U9811_D5,Llama-3.1-8B-Instruct,0,9811,5,First-person plural pronouns in the context of sharing information or opinions,0.5118,0.0102214549900404,0.8981389566042375
Llama-3.1-8B-Instruct_L0_U10081_D1,Llama-3.1-8B-Instruct,0,10081,1,"Themes of locking, statistics, and events, often involving specific names or locations",0.6531,0.3607434439934268,0.0954283466324402
Llama-3.1-8B-Instruct_L0_U10081_D2,Llama-3.1-8B-Instruct,0,10081,2,"Discussions of long-term strategies, often related to healthcare, business, education, or personal development",0.3392,-0.4001365764562277,0.0798904438949825
Llama-3.1-8B-Instruct_L0_U10081_D3,Llama-3.1-8B-Instruct,0,10081,3,"Numbers, predominantly related to versions, statistics, and dates, often appearing in the context of software, games, or scientific publications",0.1568,-0.819673595296076,0.0001851109508637
Llama-3.1-8B-Instruct_L0_U10081_D4,Llama-3.1-8B-Instruct,0,10081,4,"Repairing or improving something related to a house, with the highlighted spans referencing a specific part or aspect of that improvement",0.1506,-0.8693861541818115,0.0001411973302221
Llama-3.1-8B-Instruct_L0_U10081_D5,Llama-3.1-8B-Instruct,0,10081,5,"Discussions of personal care, hobbies, or products, sometimes with brands or locations",0.0083,-2.0522780321083993,8.490753085334326e-08
Llama-3.1-8B-Instruct_L0_U10095_D1,Llama-3.1-8B-Instruct,0,10095,1,"Second-person pronouns in the context of agreements, often related to financial or legal matters, such as leases, contracts, or services",0.9998,16.018698352019264,5.191509412250656e-08
Llama-3.1-8B-Instruct_L0_U10095_D2,Llama-3.1-8B-Instruct,0,10095,2,"Agreement between an individual and another entity or entities, or between multiple entities",0.1957,-1.45903223171123,0.000917380090473
Llama-3.1-8B-Instruct_L0_U10095_D3,Llama-3.1-8B-Instruct,0,10095,3,"Agreements, contracts, or legal documents, especially those related to services, sales, or business arrangements",0.0315,-2.5991784866599112,3.332179227771613e-07
Llama-3.1-8B-Instruct_L0_U10095_D4,Llama-3.1-8B-Instruct,0,10095,4,"Agreements or contracts, often involving financial aspects, in politics, business, or entertainment",0.0275,-2.990246928220465,2.6440580190198573e-07
Llama-3.1-8B-Instruct_L0_U10095_D5,Llama-3.1-8B-Instruct,0,10095,5,Agreements or legal processes,0.0106,-3.3785148014417485,9.750217847066736e-08
Llama-3.1-8B-Instruct_L0_U10609_D1,Llama-3.1-8B-Instruct,0,10609,1,"Items related to books, toys, and other retail products, frequently appearing with sets or collections",0.6322,0.376536514244931,0.1499427153590988
Llama-3.1-8B-Instruct_L0_U10609_D2,Llama-3.1-8B-Instruct,0,10609,2,"Recounting an event, often involving detailed descriptions of specific actions, locations, or individuals",0.4734,-0.0831813353122595,0.7723869104933703
Llama-3.1-8B-Instruct_L0_U10609_D3,Llama-3.1-8B-Instruct,0,10609,3,"Enjoyment, ease,  creation, improvement, online training,  information seeking, and building",0.4691,-0.111835844950637,0.7367944656899885
Llama-3.1-8B-Instruct_L0_U10609_D4,Llama-3.1-8B-Instruct,0,10609,4,"Police brutality, airline services, job postings, workshops or programs, unauthorized disclosure of information, road accidents, forklift training, exploitation of young girls, unclaimed property laws, tourism, socialist party, protests and land acquisitions, inspections, office space, employment law, health care reform, building funds, and dental care",0.2764999999999999,-0.6121408427325294,0.0149157004227971
Llama-3.1-8B-Instruct_L0_U10609_D5,Llama-3.1-8B-Instruct,0,10609,5,"Medical conditions, technical specifications, or academic citations",0.1503999999999999,-1.0711717759016968,0.0001399591959548
Llama-3.1-8B-Instruct_L0_U10851_D1,Llama-3.1-8B-Instruct,0,10851,1,"Sports game summaries, car racing recaps, and descriptions of political and social events, often including specific numerical data like scores, rankings, years, or amounts of money",0.6926,0.5371772722598562,0.03592516992286
Llama-3.1-8B-Instruct_L0_U10851_D2,Llama-3.1-8B-Instruct,0,10851,2,"Concepts related to technical specifications, benchmarks, and standards, often appearing with version numbers or specific products/technologies",0.48,-0.0783009556739953,0.8279362566399692
Llama-3.1-8B-Instruct_L0_U10851_D3,Llama-3.1-8B-Instruct,0,10851,3,"Discussions of difficult situations, romantic relationships, health, and career paths",0.4647,-0.097049775714104,0.7009503045375028
Llama-3.1-8B-Instruct_L0_U10851_D4,Llama-3.1-8B-Instruct,0,10851,4,"Speleology, views from rooms, geological formations, community events, dykes, wilderness, international trade and diplomacy, distances and travel routes, limousine rental services, childcare, tickets for shows, family reunions, historical buildings, theaters, hotels, obituaries, performing arts seasons, ecology and evolution, fishing trips",0.4557,-0.1369376276318698,0.6297418577890953
Llama-3.1-8B-Instruct_L0_U10851_D5,Llama-3.1-8B-Instruct,0,10851,5,"Appliances, vehicles, sea creatures, or RNA viruses",0.2406,-0.764942518808579,0.0047201149778738
Llama-3.1-8B-Instruct_L0_U12733_D1,Llama-3.1-8B-Instruct,0,12733,1,"Themes of social commentary, policy, or legal proceedings",0.9975,3.8761487951604,5.974401278504218e-08
Llama-3.1-8B-Instruct_L0_U12733_D2,Llama-3.1-8B-Instruct,0,12733,2,"Causality, provision, use cases, defined entities, results, resumes, ultimate concern, addition of services, influence, withheld or returned money, explanations of differences within suites of documents, small size, webpage origin, abstract syntax tree (AST), PayPal, zero values in fields, fine details, sustained injuries involving permanent damage, and subscribed footers",0.9931,3.147263754541545,7.802852549033112e-08
Llama-3.1-8B-Instruct_L0_U12733_D3,Llama-3.1-8B-Instruct,0,12733,3,"Punctuation, conjunctions, and adverbs",0.9914,3.119324061425085,8.645621026039616e-08
Llama-3.1-8B-Instruct_L0_U12733_D4,Llama-3.1-8B-Instruct,0,12733,4,"Changes in occupation or activity, and specific places or locations",0.9896,2.778680437756901,9.63388623641681e-08
Llama-3.1-8B-Instruct_L0_U12733_D5,Llama-3.1-8B-Instruct,0,12733,5,"Locations, proper nouns, and numbers in relation to events, discussions, or announcements",0.9838,2.480268967965842,1.3619478339782246e-07
Llama-3.1-8B-Instruct_L0_U12865_D1,Llama-3.1-8B-Instruct,0,12865,1,"Navigational instructions, positive feedback or excitement, or descriptions of design choices",0.9776,2.558146317356116,1.9634908171596067e-07
Llama-3.1-8B-Instruct_L0_U12865_D2,Llama-3.1-8B-Instruct,0,12865,2,"Discussions of locations, times, and activities",0.9469,1.819363106893704,1.125657171320246e-06
Llama-3.1-8B-Instruct_L0_U12865_D3,Llama-3.1-8B-Instruct,0,12865,3,"Pieces of music, vehicle parts, digital content availability, pacemaker information, microscope reticles, polyester fabrics, airplane flights, or hospital room alarms",0.7988,0.8501275286325481,0.0011347628122104
Llama-3.1-8B-Instruct_L0_U12865_D4,Llama-3.1-8B-Instruct,0,12865,4,"Time periods, events, or entities relating to times or dates",0.7266999999999999,0.742173617887742,0.0135384313153398
Llama-3.1-8B-Instruct_L0_U12865_D5,Llama-3.1-8B-Instruct,0,12865,5,"Discussions about procedures, instructions, or plans, often related to computer systems, websites, or legal processes",0.4286999999999999,-0.2622928349811096,0.4376031819995847
Llama-3.1-8B-Instruct_L0_U13480_D1,Llama-3.1-8B-Instruct,0,13480,1,"Tours and travel, especially hiking and events relating to fashion and beauty",0.2546,-0.8645332572589596,0.0075173286727432
Llama-3.1-8B-Instruct_L0_U13480_D2,Llama-3.1-8B-Instruct,0,13480,2,Events or situations happening after a specific point in time or after another event has occurred,0.0657,-2.304607005391483,2.233934490350943e-06
Llama-3.1-8B-Instruct_L0_U13480_D3,Llama-3.1-8B-Instruct,0,13480,3,"Material properties, specifications, product manufacturing or improvement, especially those related to construction, vehicles, electronics, or chemical materials",0.0129,-3.0337559076178375,1.1189682029062597e-07
Llama-3.1-8B-Instruct_L0_U13480_D4,Llama-3.1-8B-Instruct,0,13480,4,"New situations, projects, or initiatives, often related to education, technology, or policy, along with discussion of the benefits and usefulness of these new ventures",0.0075,-3.225251924322764,8.09078951042024e-08
Llama-3.1-8B-Instruct_L0_U13480_D5,Llama-3.1-8B-Instruct,0,13480,5,"Numbers, wiki, sites, and assignments",0.0072,-3.1097048005182697,7.945558028199424e-08
Llama-3.1-8B-Instruct_L20_U99_D1,Llama-3.1-8B-Instruct,20,99,1,"Legal cases, music festivals, software development, and caving expeditions",0.8694000000000001,1.1867860875527143,5.722878202662697e-05
Llama-3.1-8B-Instruct_L20_U99_D2,Llama-3.1-8B-Instruct,20,99,2,"Concepts of capability, high quality, and comprehensiveness related to education, training, and practice, often with a focus on examinations or assessments",0.7727999999999999,0.7799166784692878,0.0029632200012882
Llama-3.1-8B-Instruct_L20_U99_D3,Llama-3.1-8B-Instruct,20,99,3,"Accommodation, services, and products",0.6788000000000001,0.4988952485408154,0.051483612717613
Llama-3.1-8B-Instruct_L20_U99_D4,Llama-3.1-8B-Instruct,20,99,4,"Experiences, observations, or opinions related to personal life events, often including specific details or examples",0.4234,-0.1681867314087076,0.4042872714777109
Llama-3.1-8B-Instruct_L20_U99_D5,Llama-3.1-8B-Instruct,20,99,5,"Locations, events, or creative works and their associated attributes",0.3231,-0.441317324004263,0.0540137021056863
Llama-3.1-8B-Instruct_L20_U3032_D1,Llama-3.1-8B-Instruct,20,3032,1,"Locations, times, dates, and numbers related to events or incidents, often involving birds, sports teams, or legal proceedings",0.8419,1.1336225824186663,0.0001958181555779
Llama-3.1-8B-Instruct_L20_U3032_D2,Llama-3.1-8B-Instruct,20,3032,2,"Music-related publications, travel itineraries, charitable projects, home repairs, traffic accidents, antique books, website development, vehicle safety technologies, medical information, audio equipment specifications, vehicle reviews, and discussions of neurological diseases",0.6712,0.4882741710083955,0.0622337175290549
Llama-3.1-8B-Instruct_L20_U3032_D3,Llama-3.1-8B-Instruct,20,3032,3,"Numbers, especially years or dates, related to events, activities, topics, or information, often in the context of website updates, conferences, or reports",0.5592,0.2053879586127575,0.5193023650311186
Llama-3.1-8B-Instruct_L20_U3032_D4,Llama-3.1-8B-Instruct,20,3032,4,"Use of, consumption of, creation of, or discussion of food or food-related items",0.4333,-0.1272607126184355,0.4677582400599092
Llama-3.1-8B-Instruct_L20_U3032_D5,Llama-3.1-8B-Instruct,20,3032,5,"Concepts of marketing, advertising, and audience engagement, often in the context of online platforms",0.3315,-0.407464705171281,0.0664743963152553
Llama-3.1-8B-Instruct_L20_U3740_D1,Llama-3.1-8B-Instruct,20,3740,1,"Discussions of a person's skill/proficiency in a particular area, especially related to training, experience, and qualifications",0.8047,1.2626410329364122,0.0009031824111469
Llama-3.1-8B-Instruct_L20_U3740_D2,Llama-3.1-8B-Instruct,20,3740,2,"Financial transactions, conditions, services, and situations",0.655,0.4543435929355321,0.0913857262448527
Llama-3.1-8B-Instruct_L20_U3740_D3,Llama-3.1-8B-Instruct,20,3740,3,"Items or services related to heating, plumbing, or cooling, sometimes within the context of home repair, maintenance, or purchasing",0.6096,0.3656505426866204,0.2326682299339482
Llama-3.1-8B-Instruct_L20_U3740_D4,Llama-3.1-8B-Instruct,20,3740,4,"Items related to crafts, food preparation, or hobbies, especially when describing a process or providing instructions",0.4173,-0.1317022069646496,0.3678826966552325
Llama-3.1-8B-Instruct_L20_U3740_D5,Llama-3.1-8B-Instruct,20,3740,5,"Concepts of coldness, fewness, and worry, or questioning in relation to a specific event or topic",0.215,-0.909414815024286,0.0019063758149783
Llama-3.1-8B-Instruct_L20_U5188_D1,Llama-3.1-8B-Instruct,20,5188,1,"Discussions of groups of students or trainees, often in educational or professional settings",0.7876000000000001,0.6609821584597859,0.0017316547846855
Llama-3.1-8B-Instruct_L20_U5188_D2,Llama-3.1-8B-Instruct,20,5188,2,"Positive qualities or positive actions related to personal care, food, or animals",0.5803,0.1290342002271307,0.381955329080166
Llama-3.1-8B-Instruct_L20_U5188_D3,Llama-3.1-8B-Instruct,20,5188,3,"Sports matches, legal cases, political events, personal stories, and everyday life events are all mentioned in the provided texts.  The highlighted sections focus on places, people, events, and key actions or states related to these narratives",0.5764,0.1192373827721418,0.4055162531198171
Llama-3.1-8B-Instruct_L20_U5188_D4,Llama-3.1-8B-Instruct,20,5188,4,"Access to or use of services, including information about accounts, features, or offers",0.5367,0.0537892359938631,0.6896791345852162
Llama-3.1-8B-Instruct_L20_U5188_D5,Llama-3.1-8B-Instruct,20,5188,5,"Items with specifications or characteristics, including size, color, materials, and usage, sometimes related to brand names or locations",0.4826,-0.0832223903292957,0.8500748337480704
Llama-3.1-8B-Instruct_L20_U5424_D1,Llama-3.1-8B-Instruct,20,5424,1,"Conditional actions in card games, particularly locking cards and moving them between zones (soul, hand, etc.)",0.9992,3.062058540206746,5.3855793014570985e-08
Llama-3.1-8B-Instruct_L20_U5424_D2,Llama-3.1-8B-Instruct,20,5424,2,"Numerical values, often combined with words or abbreviations, inside text related to dates, times, locations, or codes",0.9885,1.5871251118907002,1.029075356074078e-07
Llama-3.1-8B-Instruct_L20_U5424_D3,Llama-3.1-8B-Instruct,20,5424,3,"A specialized domain vocabulary related to technical descriptions of a specific concept or entity within respective domains, including photography exhibition space, solar flares, historiography, energy consulting, ringtones, linguistics, university applications, medical conditions, biodiversity, software features, legislative bills, mobile applications, academic research, tax deductions, business awards, recruitment services, virtual reality documentaries, and plant viruses",0.9812,1.5418316064122763,1.5886076638599305e-07
Llama-3.1-8B-Instruct_L20_U5424_D4,Llama-3.1-8B-Instruct,20,5424,4,"Dishwasher rinse aid dispensers, drink coasters, HDD/SSD erasers, car dealerships, linen fabric, whole wheat bread recipes, pneumatic clutches, brake fluid, shrimp pasta recipes, earrings, shopping mall locations, chutneys/jellies, volleyball trophies, car service costs, office design elements, machining capabilities, building a calzone, or auto part retailers",0.9775,1.2965461828965303,1.9750383084115886e-07
Llama-3.1-8B-Instruct_L20_U5424_D5,Llama-3.1-8B-Instruct,20,5424,5,"Relating to costs/expenses, often within the context of services, purchases, or advertising, and sometimes related to online marketing or home improvement",0.9116,1.021412270455914,7.33558577747391e-06
Llama-3.1-8B-Instruct_L20_U5733_D1,Llama-3.1-8B-Instruct,20,5733,1,"Conditional medical, technical, or recipe instructions involving particular products or ingredients (coconut oil, psoriasis, cats, dogs, computer equipment, chocolate, tart/pie pans, pittas, cars, moon, wet plates, RDL, Shostakovich, RLBV, copper extraction, wheels), sometimes involving specific steps and quantities",0.5121,0.0843768758685808,0.8955529698648843
Llama-3.1-8B-Instruct_L20_U5733_D2,Llama-3.1-8B-Instruct,20,5733,2,"Experiences, sometimes difficult, and opportunities to learn",0.4103,-0.1445672457342458,0.3287130717193739
Llama-3.1-8B-Instruct_L20_U5733_D3,Llama-3.1-8B-Instruct,20,5733,3,"Financial or economic topics, including inflation, company profits, market conditions, and accounting procedures",0.3788,-0.4690559653405683,0.1868710108272249
Llama-3.1-8B-Instruct_L20_U5733_D4,Llama-3.1-8B-Instruct,20,5733,4,"A discussion of past events involving a person or entity and a particular action or achievement, often in relation to overcoming challenges or difficulties",0.3585,-0.2452840715059606,0.1233035231726248
Llama-3.1-8B-Instruct_L20_U5733_D5,Llama-3.1-8B-Instruct,20,5733,5,"School buildings, locations related to education, and resources related to teaching",0.2077,-0.6203404755216808,0.0014526786704356
Llama-3.1-8B-Instruct_L20_U7860_D1,Llama-3.1-8B-Instruct,20,7860,1,"Camp or performance schedules and locations, often with drop-off and pick-up times",0.9497,3.1997809436908224,9.64240964226128e-07
Llama-3.1-8B-Instruct_L20_U7860_D2,Llama-3.1-8B-Instruct,20,7860,2,"Themes of events, activities, or personal experiences involving discussions of physical characteristics, personal care, tools, utensils, skills, and religious beliefs",0.5912999999999999,0.2662501989409207,0.3201543015684357
Llama-3.1-8B-Instruct_L20_U7860_D3,Llama-3.1-8B-Instruct,20,7860,3,"Numbers, often monetary values, related to funding, resources, allocations, and targets, frequently within the context of government projects, business ventures, or financial reports",0.3911,-0.2156034535240588,0.2356667439646699
Llama-3.1-8B-Instruct_L20_U7860_D4,Llama-3.1-8B-Instruct,20,7860,4,"Locations, often related to plumbing services, and sometimes related to other services, in Lewisham, or the specific postal code BR3",0.344,-0.3411462393256115,0.0893139904279307
Llama-3.1-8B-Instruct_L20_U7860_D5,Llama-3.1-8B-Instruct,20,7860,5,"Times, dates, and durations related to scheduled events or deadlines, sometimes including locations",0.3026,-0.4996371642775992,0.0315498440298892
Llama-3.1-8B-Instruct_L20_U8256_D1,Llama-3.1-8B-Instruct,20,8256,1,"Locations, events, or situations occurring after a period of time/duration or after a previous event",0.0206,-2.105771988195737,1.766459695280253e-07
Llama-3.1-8B-Instruct_L20_U8256_D2,Llama-3.1-8B-Instruct,20,8256,2,"Considerations, preparations, and actions related to planning and execution in various professional and personal contexts",0.0168,-2.369248379725117,1.4112983113460766e-07
Llama-3.1-8B-Instruct_L20_U8256_D3,Llama-3.1-8B-Instruct,20,8256,3,"Dishes, food, meals, and cooking",0.0146,-2.4304731157279753,1.2383693633288252e-07
Llama-3.1-8B-Instruct_L20_U8256_D4,Llama-3.1-8B-Instruct,20,8256,4,Decrease in some quantity over a period of time,0.0135,-2.7048995405776246,1.1597786710221205e-07
Llama-3.1-8B-Instruct_L20_U8256_D5,Llama-3.1-8B-Instruct,20,8256,5,"Biological, medical, or technical concepts in the context of genes, proteins, cells, diseases, medical professionals, medical frameworks, training, software, or hardware",0.0068,-2.8661815978477576,7.755838035388528e-08
Llama-3.1-8B-Instruct_L20_U8476_D1,Llama-3.1-8B-Instruct,20,8476,1,Cabinet reshuffles and their impact on governance,0.6133,0.3192387578997732,0.2172684482739911
Llama-3.1-8B-Instruct_L20_U8476_D2,Llama-3.1-8B-Instruct,20,8476,2,"Relating to smartwatches, mattresses, skincare remedies for blackheads, electronic devices, protein powders, battery chargers, chemical compounds, fiber optic products, rinse aid dispensers, dry shampoo, books, dolls, cocktails, face creams, omega-3 supplements, air filters, and auto parts",0.0754,-1.3363162601178569,3.739800031292907e-06
Llama-3.1-8B-Instruct_L20_U8476_D3,Llama-3.1-8B-Instruct,20,8476,3,Sports team/player performance and rankings in leagues/tournaments,0.0648,-1.928104623644794,2.128484611907395e-06
Llama-3.1-8B-Instruct_L20_U8476_D4,Llama-3.1-8B-Instruct,20,8476,4,"Relating to location, relocation, or transfer, frequently involving geographic restrictions, digital services, or official procedures",0.0234,-2.1774086180595287,2.0819622261276275e-07
Llama-3.1-8B-Instruct_L20_U8476_D5,Llama-3.1-8B-Instruct,20,8476,5,"Deletion, finishing, and starting something, especially with cheap items or services",0.007,-2.7015012897951287,7.85014232807339e-08
Llama-3.1-8B-Instruct_L20_U8552_D1,Llama-3.1-8B-Instruct,20,8552,1,"Decorations, often handmade or repurposed, with a vintage or rustic aesthetic",0.9895,3.2091055706496676,9.69188308524015e-08
Llama-3.1-8B-Instruct_L20_U8552_D2,Llama-3.1-8B-Instruct,20,8552,2,"Locations of businesses related to multi-faceted services, especially fitness and health",0.9432,1.9061887657893677,1.379223511535259e-06
Llama-3.1-8B-Instruct_L20_U8552_D3,Llama-3.1-8B-Instruct,20,8552,3,"Technical specifications of various machines and devices, including cars, cameras, and electronic devices, often listing model numbers or other numerical identifiers",0.7529,0.6890212326917389,0.0058741766629103
Llama-3.1-8B-Instruct_L20_U8552_D4,Llama-3.1-8B-Instruct,20,8552,4,"Requests, suggestions, or commands to perform an action, often directed towards a person",0.6687000000000001,0.3370324365084175,0.0661523155827627
Llama-3.1-8B-Instruct_L20_U8552_D5,Llama-3.1-8B-Instruct,20,8552,5,"Locations, establishments, and events related to food, beverages, or entertainment, and their characteristics",0.4861,-0.0826222243471519,0.8800612940057013
Llama-3.1-8B-Instruct_L20_U8631_D1,Llama-3.1-8B-Instruct,20,8631,1,"Concepts of location, quantity, or time, often related to product descriptions or instructions",0.8826,1.3081261779576696,3.0760044495335995e-05
Llama-3.1-8B-Instruct_L20_U8631_D2,Llama-3.1-8B-Instruct,20,8631,2,"Considerations, actions, or requests related to interpersonal communication, relationships, and social interactions",0.7881,0.7590700066491713,0.0016997917864731
Llama-3.1-8B-Instruct_L20_U8631_D3,Llama-3.1-8B-Instruct,20,8631,3,"Conditional activation related to physical appearance, particularly hairstyles, or commercial promotions, or strong positive reactions, or cooking, or best friend pairings",0.786,0.8170329677526107,0.0018373435940728
Llama-3.1-8B-Instruct_L20_U8631_D4,Llama-3.1-8B-Instruct,20,8631,4,"Criteria for certifications, qualifications, or approvals, sometimes with a focus on procedures and documentation",0.7744,0.7702868049967889,0.0027992936451598
Llama-3.1-8B-Instruct_L20_U8631_D5,Llama-3.1-8B-Instruct,20,8631,5,"Legal, school or event information, often related to schedules, locations, regulations, or requirements",0.7516,0.8484539912709435,0.0061334520791536
Llama-3.1-8B-Instruct_L20_U8876_D1,Llama-3.1-8B-Instruct,20,8876,1,"Locations, organizations, and people involved in services, assistance, or collaboration",0.9679,1.8892993357098904,3.449276907641849e-07
Llama-3.1-8B-Instruct_L20_U8876_D2,Llama-3.1-8B-Instruct,20,8876,2,"Products or services with descriptions, often including numerical details",0.9651,1.86900456148764,4.050317980528093e-07
Llama-3.1-8B-Instruct_L20_U8876_D3,Llama-3.1-8B-Instruct,20,8876,3,"Numbers, dates, or times in informational contexts",0.9538,1.791935780715413,7.674514921007835e-07
Llama-3.1-8B-Instruct_L20_U8876_D4,Llama-3.1-8B-Instruct,20,8876,4,"Discussions of an event, situation, or process happening after a specific time or following another event",0.9327,1.9722720748750333,2.433908050484709e-06
Llama-3.1-8B-Instruct_L20_U8876_D5,Llama-3.1-8B-Instruct,20,8876,5,"Locations, actions, events, and characteristics associated with personal experiences, reviews, or recommendations",0.9036,1.3755765053053657,1.0998308422929949e-05
Llama-3.1-8B-Instruct_L20_U9836_D1,Llama-3.1-8B-Instruct,20,9836,1,"Geographic locations, proper nouns related to people or organizations, and temporal expressions relating to years, decades, or specific dates",0.5125,0.0224816337977458,0.8921067179007085
Llama-3.1-8B-Instruct_L20_U9836_D2,Llama-3.1-8B-Instruct,20,9836,2,"Food, religion, entertainment, personal experiences, and inquiries",0.3470999999999999,-0.3923460408702425,0.095862089535807
Llama-3.1-8B-Instruct_L20_U9836_D3,Llama-3.1-8B-Instruct,20,9836,3,"Discussions of a person's role, often involving time periods, ages, or years",0.2882,-0.6532620019632883,0.0210575240410872
Llama-3.1-8B-Instruct_L20_U9836_D4,Llama-3.1-8B-Instruct,20,9836,4,"Guidance, certifications, exams, and learning materials related to the Six Sigma Black Belt",0.2389,-0.6564523648044891,0.004454266976184
Llama-3.1-8B-Instruct_L20_U9836_D5,Llama-3.1-8B-Instruct,20,9836,5,Numbers or quantities,0.1784,-0.944997363282312,0.0004597232745003
Llama-3.1-8B-Instruct_L20_U10046_D1,Llama-3.1-8B-Instruct,20,10046,1,"Comparison of programming languages, especially focusing on features, advantages, and disadvantages",0.9415,1.6117141196921951,1.513364853474466e-06
Llama-3.1-8B-Instruct_L20_U10046_D2,Llama-3.1-8B-Instruct,20,10046,2,"Descriptions of high-profile women or their work, particularly first ladies, or discussions of healthcare, scholarships, or education",0.5680000000000001,0.1959709205352364,0.4591213345942858
Llama-3.1-8B-Instruct_L20_U10046_D3,Llama-3.1-8B-Instruct,20,10046,3,"Conditions, criteria, or features relating to finance, business, software, or technology",0.4939,-0.001760211866871,0.947447170207556
Llama-3.1-8B-Instruct_L20_U10046_D4,Llama-3.1-8B-Instruct,20,10046,4,"Themes, customizations, or designs for various items, such as software, events, food, personal care products, clothing, and accessories",0.4818,-0.0630874991609577,0.8432495092913815
Llama-3.1-8B-Instruct_L20_U10046_D5,Llama-3.1-8B-Instruct,20,10046,5,Locations and dates related to events or establishments,0.2709,-0.6233328495691894,0.012580467735661
Llama-3.1-8B-Instruct_L20_U10182_D1,Llama-3.1-8B-Instruct,20,10182,1,"Locations, events, or entities and associated descriptive information",0.6067,0.3375970697804438,0.2452683125266753
Llama-3.1-8B-Instruct_L20_U10182_D2,Llama-3.1-8B-Instruct,20,10182,2,"Areas of legal, business, or technical specialization, often with specific examples of such areas",0.484,-0.1209636860844439,0.8620459292628105
Llama-3.1-8B-Instruct_L20_U10182_D3,Llama-3.1-8B-Instruct,20,10182,3,"Expressions of gratitude, appreciation, or celebration, especially in situations involving gifts, donations, or positive feedback",0.4545,-0.1964026205974822,0.620484464615447
Llama-3.1-8B-Instruct_L20_U10182_D4,Llama-3.1-8B-Instruct,20,10182,4,"Locations, views, or perspectives, often related to accommodations, food, or outdoor spaces",0.2546,-0.6455385709805449,0.0075173286727432
Llama-3.1-8B-Instruct_L20_U10182_D5,Llama-3.1-8B-Instruct,20,10182,5,"Methods, tools, or processes involving data, information, or knowledge, often including a specified time or quantity",0.1895,-0.9085412782806216,0.0007189263718532
Llama-3.1-8B-Instruct_L20_U10617_D1,Llama-3.1-8B-Instruct,20,10617,1,"Medical conditions and treatments, especially heart failure",0.9833,2.216262325948458,1.4029548040408368e-07
Llama-3.1-8B-Instruct_L20_U10617_D2,Llama-3.1-8B-Instruct,20,10617,2,"Emotional or difficult situations, often related to health, relationships, or personal struggles, and dealing with or recovering from them",0.6914,0.5666032876717989,0.0370965644765442
Llama-3.1-8B-Instruct_L20_U10617_D3,Llama-3.1-8B-Instruct,20,10617,3,"Experiences, often personal, related to challenges and/or overcoming difficulties",0.6258,0.3562948897576562,0.1706844676197885
Llama-3.1-8B-Instruct_L20_U10617_D4,Llama-3.1-8B-Instruct,20,10617,4,Methods to remove or prevent unwanted substances or organisms,0.5675,0.21506710654004,0.4624326034735361
Llama-3.1-8B-Instruct_L20_U10617_D5,Llama-3.1-8B-Instruct,20,10617,5,"Governmental or organizational projects, actions, and events, with a focus on impacts of those actions and/or collaboration with partners",0.4075,-0.2201774998555836,0.313831716072427
Llama-3.1-8B-Instruct_L20_U10765_D1,Llama-3.1-8B-Instruct,20,10765,1,"Relates to mobile technology, software applications, and business performance, often with a focus on software apps that enhance user experience and/or streamline business operations",0.5034000000000001,0.071521429074598,0.9708858908740354
Llama-3.1-8B-Instruct_L20_U10765_D2,Llama-3.1-8B-Instruct,20,10765,2,"Themes of lists, steps, or instructions, often in a numbered format, sometimes including personal reflections or opinions",0.4068,-0.3012361502592238,0.3101817377401031
Llama-3.1-8B-Instruct_L20_U10765_D3,Llama-3.1-8B-Instruct,20,10765,3,Running for an elected office/political candidacy,0.3572,-0.2729853778940251,0.1198942542516041
Llama-3.1-8B-Instruct_L20_U10765_D4,Llama-3.1-8B-Instruct,20,10765,4,"End of text markers (<|eot_id|>) or punctuation (specifically periods, commas, question marks, and exclamation marks) occurring at the end of a piece of text, particularly in the context of online platforms, articles, or informal writing",0.3492,-0.237946757346961,0.100512281025481
Llama-3.1-8B-Instruct_L20_U10765_D5,Llama-3.1-8B-Instruct,20,10765,5,"Products, numbers, or characteristics related to them",0.3025,-0.3935906267753878,0.0314637803440723
Llama-3.1-8B-Instruct_L20_U11587_D1,Llama-3.1-8B-Instruct,20,11587,1,"Death, legal proceedings, feedback, positive experiences, loss of a loved one, entertainment events, or games",0.8655999999999999,1.2501113478540156,6.81782053671506e-05
Llama-3.1-8B-Instruct_L20_U11587_D2,Llama-3.1-8B-Instruct,20,11587,2,"Concepts of nuclear energy, online payment processing, network management, and national politics",0.645,0.4037990841742747,0.1142934170898085
Llama-3.1-8B-Instruct_L20_U11587_D3,Llama-3.1-8B-Instruct,20,11587,3,"Locations, products/services, and their associated qualities/characteristics",0.5352,-0.0195657959310589,0.7017579483711311
Llama-3.1-8B-Instruct_L20_U11587_D4,Llama-3.1-8B-Instruct,20,11587,4,"Items or objects (possibly for sale) with characteristics or features, including origin, dimensions, materials, and condition",0.4684,-0.0083429834806813,0.7310511508519308
Llama-3.1-8B-Instruct_L20_U11587_D5,Llama-3.1-8B-Instruct,20,11587,5,"Spiritual movements, legal and professional services, medical treatments, academic institutions, social issues, and international affairs",0.4538999999999999,-0.0592662162588338,0.6158780941564852
Llama-3.1-8B-Instruct_L20_U11626_D1,Llama-3.1-8B-Instruct,20,11626,1,"Processes, procedures, and tasks related to projects, contracts, services, and opportunities, often within the context of business, healthcare, or technology",0.7634000000000001,0.6828672922784815,0.0041161856725759
Llama-3.1-8B-Instruct_L20_U11626_D2,Llama-3.1-8B-Instruct,20,11626,2,"Technical specifications, especially related to size, dimensions, weight, and model numbers, often in the context of sales or product descriptions",0.6796,0.4443764741907576,0.0504483879352308
Llama-3.1-8B-Instruct_L20_U11626_D3,Llama-3.1-8B-Instruct,20,11626,3,"Culinary or cosmetic recipes, event descriptions, or lists of musical performers or bands",0.679,0.4727569950424967,0.0512231538241502
Llama-3.1-8B-Instruct_L20_U11626_D4,Llama-3.1-8B-Instruct,20,11626,4,"Anticipation and descriptions of upcoming events, particularly in relation to media (books, music, movies, TV shows), performances (magic shows), and family milestones (birth of a child)",0.6219,0.3018882488338036,0.1843372276704191
Llama-3.1-8B-Instruct_L20_U11626_D5,Llama-3.1-8B-Instruct,20,11626,5,"Events, gatherings, or ceremonies, often annual and traditional, and sometimes related to specific locations, organizations, or individuals",0.6002000000000001,0.2513549104691271,0.2752272877105541
Llama-3.1-8B-Instruct_L20_U12784_D1,Llama-3.1-8B-Instruct,20,12784,1,"End of sequence tokens following descriptions of products, software, or code",0.8799,1.2444889824847285,3.498130706752063e-05
Llama-3.1-8B-Instruct_L20_U12784_D2,Llama-3.1-8B-Instruct,20,12784,2,"Conditions related to the purpose or current state of something, often related to clicking or locations",0.8376,1.359811236783848,0.0002355273540836
Llama-3.1-8B-Instruct_L20_U12784_D3,Llama-3.1-8B-Instruct,20,12784,3,"Locations and time periods related to employment, persecution, poverty, energy generation, corruption, meditation, investment, education, politics, animal welfare, historiography, technology, healthcare, and business incorporation",0.7763,0.7161118260700303,0.0026154090663784
Llama-3.1-8B-Instruct_L20_U12784_D4,Llama-3.1-8B-Instruct,20,12784,4,"Experiences, actions, or opinions related to hobbies, routines, and lifestyle",0.6489,0.3186228233970448,0.1048729043773796
Llama-3.1-8B-Instruct_L20_U12784_D5,Llama-3.1-8B-Instruct,20,12784,5,"Locations, proper nouns, and numerical data",0.5550999999999999,0.0108077984524947,0.5486709163182579
Llama-3.1-8B-Instruct_L30_U46_D1,Llama-3.1-8B-Instruct,30,46,1,"Tools/products related to tiling, bathrooms, home improvement, health, beauty, food, clothing, ticks, recalls, and smart watches",0.0227,-2.1366353045341846,1.9983305283883337e-07
Llama-3.1-8B-Instruct_L30_U46_D2,Llama-3.1-8B-Instruct,30,46,2,"Tools for emotional, mental, or physical improvement, often in the context of self-care or personal growth",0.0178,-2.3339446446517416,1.4974169183203918e-07
Llama-3.1-8B-Instruct_L30_U46_D3,Llama-3.1-8B-Instruct,30,46,3,"Automotive features, electronic devices, medical conditions, and music scores/publications",0.0155,-2.4322915183490994,1.3064806478519532e-07
Llama-3.1-8B-Instruct_L30_U46_D4,Llama-3.1-8B-Instruct,30,46,4,"Services, large numbers, political situations, food, travel, and exams",0.0114,-2.591613692957011,1.0229290877398768e-07
Llama-3.1-8B-Instruct_L30_U46_D5,Llama-3.1-8B-Instruct,30,46,5,"Real estate transactions, including buying, selling, remortgaging, legal professionals, and associated costs",0.0045,-3.0448817795792724,6.747193827297039e-08
Llama-3.1-8B-Instruct_L30_U129_D1,Llama-3.1-8B-Instruct,30,129,1,"Professional services related to home maintenance, repairs, or improvements",0.613,0.1699586286436049,0.2184890782240769
Llama-3.1-8B-Instruct_L30_U129_D2,Llama-3.1-8B-Instruct,30,129,2,"Provision of support or assistance, often within a professional context, by an individual or entity, sometimes with a focus on finance, business, law, or a particular industry",0.5887,0.1163805327237136,0.3341369404172652
Llama-3.1-8B-Instruct_L30_U129_D3,Llama-3.1-8B-Instruct,30,129,3,Possessive pronouns followed by nouns related to types of rooms or groups of people,0.5323,0.00600607790343,0.725322871549992
Llama-3.1-8B-Instruct_L30_U129_D4,Llama-3.1-8B-Instruct,30,129,4,"Locations, proper nouns of places, organizations or people, and activities related to tourism, entertainment or events",0.4748,-0.1000088826806017,0.7840834232123394
Llama-3.1-8B-Instruct_L30_U129_D5,Llama-3.1-8B-Instruct,30,129,5,"Religious, spiritual, philosophical, and psychological concepts, often with a possessive ('s) before the key concept word",0.4525,-0.1510913411678167,0.6051888006538638
Llama-3.1-8B-Instruct_L30_U557_D1,Llama-3.1-8B-Instruct,30,557,1,"Clauses referring to other people or entities, often including a pronoun, sometimes following punctuation such as em dashes",0.8777999999999999,1.133871302002739,3.8639001513027016e-05
Llama-3.1-8B-Instruct_L30_U557_D2,Llama-3.1-8B-Instruct,30,557,2,"End of sequence tokens, or components of product specifications or reviews",0.8623000000000001,1.099369879489017,7.926783687760997e-05
Llama-3.1-8B-Instruct_L30_U557_D3,Llama-3.1-8B-Instruct,30,557,3,"Religious faith, life events, and making important decisions",0.7412000000000001,0.6840275973207401,0.0086076673306777
Llama-3.1-8B-Instruct_L30_U557_D4,Llama-3.1-8B-Instruct,30,557,4,"Personal or general information related to a person, place, or event, sometimes including a location",0.6374,0.4302146789281877,0.1345530305189314
Llama-3.1-8B-Instruct_L30_U557_D5,Llama-3.1-8B-Instruct,30,557,5,"Biological, structural, or functional features, types, or profiles, and the number 12",0.3969,-0.2011314855077183,0.2615656762666134
Llama-3.1-8B-Instruct_L30_U715_D1,Llama-3.1-8B-Instruct,30,715,1,"Locations, individuals, and events related to various forms of media, including film, television, music, and photography",0.7486999999999999,0.630973270862402,0.006749331361711
Llama-3.1-8B-Instruct_L30_U715_D2,Llama-3.1-8B-Instruct,30,715,2,"Trips, expeditions, excursions, or travel, potentially for work or leisure",0.6678,0.4585520493056426,0.0676118655371578
Llama-3.1-8B-Instruct_L30_U715_D3,Llama-3.1-8B-Instruct,30,715,3,Commercial products or services and their characteristics,0.6226,0.4025400919999076,0.1818289670870995
Llama-3.1-8B-Instruct_L30_U715_D4,Llama-3.1-8B-Instruct,30,715,4,"Relating to beauty treatments, particularly skincare, hair, and makeup, often in a professional setting",0.5378999999999999,0.0461269778649944,0.6800725166047357
Llama-3.1-8B-Instruct_L30_U715_D5,Llama-3.1-8B-Instruct,30,715,5,"Ways to improve, manage, or promote business, services, or knowledge, often online",0.4711,-0.0801727544874545,0.7532841396698664
Llama-3.1-8B-Instruct_L30_U738_D1,Llama-3.1-8B-Instruct,30,738,1,Formal educational institutions or events,0.121,-1.4277609620877445,3.650669766803389e-05
Llama-3.1-8B-Instruct_L30_U738_D2,Llama-3.1-8B-Instruct,30,738,2,"Second-hand copies of Descent magazine, events (weddings, races), and locations (Westport CT, Kentucky, Washington)",0.0867999999999999,-1.2945807989470497,6.758903534228855e-06
Llama-3.1-8B-Instruct_L30_U738_D3,Llama-3.1-8B-Instruct,30,738,3,"Prepositions, especially ""of"", along with verbs like ""has"", ""give"", ""take"", ""be"", and nouns related to strategy, games, and ships, usually in the context of instructions or descriptions of game mechanics",0.0324,-2.4904208777144676,3.509305218868465e-07
Llama-3.1-8B-Instruct_L30_U738_D4,Llama-3.1-8B-Instruct,30,738,4,"Auxiliary devices or training processes that enhance or aid user interaction, specifically in activities involving computers, gaming, or technology, focusing on improving proficiency, accuracy, speed, or overall user experience",0.0168,-3.129754983184122,1.411298193630769e-07
Llama-3.1-8B-Instruct_L30_U738_D5,Llama-3.1-8B-Instruct,30,738,5,"Quantified measurements of something, often related to health, work, or finance",0.0119,-3.296822768893529,1.054019721866489e-07
Llama-3.1-8B-Instruct_L30_U1721_D1,Llama-3.1-8B-Instruct,30,1721,1,"End of text activations in a variety of contexts, including advertisements, product descriptions, discussions of software, and personal messages",0.8732,1.8886930943194329,4.795937439710055e-05
Llama-3.1-8B-Instruct_L30_U1721_D2,Llama-3.1-8B-Instruct,30,1721,2,End of sequence tokens,0.8331,0.6207995941636704,0.0002850971411767
Llama-3.1-8B-Instruct_L30_U1721_D3,Llama-3.1-8B-Instruct,30,1721,3,Real estate or property descriptions,0.4737,-1.5079691173600749,0.774889056396245
Llama-3.1-8B-Instruct_L30_U1721_D4,Llama-3.1-8B-Instruct,30,1721,4,"Questions, website addresses, locations, and specific words related to consequences, choices, ancestry, and insurance plans",0.4095,-0.6499217853563519,0.3244153096444766
Llama-3.1-8B-Instruct_L30_U1721_D5,Llama-3.1-8B-Instruct,30,1721,5,"End-of-sequence tokens, product specifications including brand names, quantities, and materials, and interface-related terms",0.3828000000000001,-0.2967239520667936,0.2018447455797978
Llama-3.1-8B-Instruct_L30_U1911_D1,Llama-3.1-8B-Instruct,30,1911,1,"Experiences, life events, challenges, life journeys, personal stories, and reflections, often with emotional or sentimental value",0.8068000000000001,0.8591132931001098,0.0008319280924539
Llama-3.1-8B-Instruct_L30_U1911_D2,Llama-3.1-8B-Instruct,30,1911,2,"Descriptions of biological, chemical, or medical entities, processes, studies or experiments, or software, websites, or computer programs, usually containing a specific name or term",0.5751,0.2375206060801652,0.4135588957358861
Llama-3.1-8B-Instruct_L30_U1911_D3,Llama-3.1-8B-Instruct,30,1911,3,"Leases, contracts, legal processes, insurance policies, division of assets (especially during divorce), company services, events, risks/errors/safety, finances, and travel",0.5074000000000001,0.0708218066223455,0.9361768086974942
Llama-3.1-8B-Instruct_L30_U1911_D4,Llama-3.1-8B-Instruct,30,1911,4,"Visual or aesthetic aspects of games, particularly icons and their animation and design, alongside game features and player experience",0.5004,0.0561156893435745,0.9969575594650568
Llama-3.1-8B-Instruct_L30_U1911_D5,Llama-3.1-8B-Instruct,30,1911,5,"Legal cases, medical treatment, recreational activities, interpersonal conflicts, and government regulations",0.4653,-0.0467612954237397,0.7058012065650161
Llama-3.1-8B-Instruct_L30_U2324_D1,Llama-3.1-8B-Instruct,30,2324,1,"Discussions about anxiety, opinions, reactions, and handling difficult situations or topics",0.0425,-2.648554842671069,6.235466023326236e-07
Llama-3.1-8B-Instruct_L30_U2324_D2,Llama-3.1-8B-Instruct,30,2324,2,"Temporal expressions related to points or periods of time, such as days, months, or seasons",0.0232,-2.753160272749727,2.0577285206453305e-07
Llama-3.1-8B-Instruct_L30_U2324_D3,Llama-3.1-8B-Instruct,30,2324,3,"Future impact on individuals or groups, particularly in educational, organizational, or personal contexts",0.0108,-3.546148875532673,9.86790871667939e-08
Llama-3.1-8B-Instruct_L30_U2324_D4,Llama-3.1-8B-Instruct,30,2324,4,"Situations where an entity (such as a person, organization, or place) increases a particular metric, often in competition with others or in response to external pressures",0.0081,-3.66404037717561,8.389003725369119e-08
Llama-3.1-8B-Instruct_L30_U2324_D5,Llama-3.1-8B-Instruct,30,2324,5,"A description of food or a product with features, often mentioning numbers or measurements",0.0061,-4.199439056537695,7.43433339342702e-08
Llama-3.1-8B-Instruct_L30_U2589_D1,Llama-3.1-8B-Instruct,30,2589,1,"Numbers, names, locations, and dates relating to a product, project, or feature update",0.0945,-1.3802672397746254,9.996284408021257e-06
Llama-3.1-8B-Instruct_L30_U2589_D2,Llama-3.1-8B-Instruct,30,2589,2,"Numbers, especially related to products and their characteristics",0.0228,-2.3071373495603757,2.0100759771977238e-07
Llama-3.1-8B-Instruct_L30_U2589_D3,Llama-3.1-8B-Instruct,30,2589,3,"Numbers, often related to measurements of length or quantity, appearing near geographic locations or proper nouns, or sometimes near food items",0.0174,-2.824883186484139,1.4623764006762738e-07
Llama-3.1-8B-Instruct_L30_U2589_D4,Llama-3.1-8B-Instruct,30,2589,4,"Themes of music, hairstyles, makeup, hobbies, and other personal topics related to style, taste, design, or creative pursuits, often with an element of nostalgia or reflection on past experiences and a sense of looking towards the future",0.0067,-3.1795114755245675,7.709097913210274e-08
Llama-3.1-8B-Instruct_L30_U2589_D5,Llama-3.1-8B-Instruct,30,2589,5,"Academic fields, disciplines, or specializations, especially those related to higher education",0.0045,-3.336857847647181,6.747193827297039e-08
Llama-3.1-8B-Instruct_L30_U3461_D1,Llama-3.1-8B-Instruct,30,3461,1,"Measurements, dimensions, and material properties of metal sheets and coils",0.4775,-0.0274281056413258,0.806777094223933
Llama-3.1-8B-Instruct_L30_U3461_D2,Llama-3.1-8B-Instruct,30,3461,2,"Locations, especially in the United States",0.4115,-0.2085696325902277,0.3352286002204123
Llama-3.1-8B-Instruct_L30_U3461_D3,Llama-3.1-8B-Instruct,30,3461,3,"Academic programs, degrees, or education and their impact on individuals or communities",0.2047,-0.8382764191175015,0.0012969288796781
Llama-3.1-8B-Instruct_L30_U3461_D4,Llama-3.1-8B-Instruct,30,3461,4,"Processes related to business, services, and agreements",0.1472,-1.126253550774247,0.0001214882610057
Llama-3.1-8B-Instruct_L30_U3461_D5,Llama-3.1-8B-Instruct,30,3461,5,"Personal care, beauty, and health, sometimes involving a specific individual, location, or product",0.147,-1.1883182568595136,0.0001204137181789
Llama-3.1-8B-Instruct_L30_U3828_D1,Llama-3.1-8B-Instruct,30,3828,1,"Locations, proper nouns related to people, organizations, and events, and numbers",0.3615,-0.3801552802591169,0.1314597508023327
Llama-3.1-8B-Instruct_L30_U3828_D2,Llama-3.1-8B-Instruct,30,3828,2,"Concepts of learning, development, and growth, often related to personal or professional journeys, with a focus on the positive impact of experiences and mentorship",0.3477,-0.3774854000494512,0.09717279300331
Llama-3.1-8B-Instruct_L30_U3828_D3,Llama-3.1-8B-Instruct,30,3828,3,"Cosmetic products or procedures, their effects, and/or their descriptions",0.3016999999999999,-0.5868682181362428,0.030782492551127
Llama-3.1-8B-Instruct_L30_U3828_D4,Llama-3.1-8B-Instruct,30,3828,4,"Requirements, needs, or opportunities related to education, career, services, or business, sometimes with a focus on skills or training",0.2535,-0.7744211122820671,0.0072530372803516
Llama-3.1-8B-Instruct_L30_U3828_D5,Llama-3.1-8B-Instruct,30,3828,5,"Initial stages of a business, particularly in IT and software/web development, emphasizing online tools and services",0.1424999999999999,-1.1994245326392523,9.847927599835456e-05
Llama-3.1-8B-Instruct_L30_U4971_D1,Llama-3.1-8B-Instruct,30,4971,1,"Locations and venues, often with descriptions of their amenities or features",0.8389,1.088997010559896,0.0002227889198456
Llama-3.1-8B-Instruct_L30_U4971_D2,Llama-3.1-8B-Instruct,30,4971,2,"A positive quality, often related to perfection, in a description of something",0.7188000000000001,0.6007334860920357,0.0171621975566942
Llama-3.1-8B-Instruct_L30_U4971_D3,Llama-3.1-8B-Instruct,30,4971,3,"Financial, economic, or market information, including market analysis, investment strategies, or business performance",0.5003,-0.0241408631855599,0.9978268256098962
Llama-3.1-8B-Instruct_L30_U4971_D4,Llama-3.1-8B-Instruct,30,4971,4,Discussions of a notable person's involvement in a significant event,0.4488999999999999,-0.1182933490629422,0.5780918159514254
Llama-3.1-8B-Instruct_L30_U4971_D5,Llama-3.1-8B-Instruct,30,4971,5,"Numbers, often related to measurements, specifications, or quantities, in various contexts such as product descriptions, technical details, and real estate information",0.3841,-0.3355590889973596,0.2068946996185164
Llama-3.1-8B-Instruct_L30_U5245_D1,Llama-3.1-8B-Instruct,30,5245,1,"Dates, times, and locations",0.937,1.551887163725662,1.9317457637983516e-06
Llama-3.1-8B-Instruct_L30_U5245_D2,Llama-3.1-8B-Instruct,30,5245,2,"Locations, organizations, and people",0.9163,1.358694253082858,5.762628797732401e-06
Llama-3.1-8B-Instruct_L30_U5245_D3,Llama-3.1-8B-Instruct,30,5245,3,"Real estate, rental properties, or accomodations",0.8943,1.129999840786363,1.7450980147897128e-05
Llama-3.1-8B-Instruct_L30_U5245_D4,Llama-3.1-8B-Instruct,30,5245,4,"Items made of steel, heavy duty items, boots, and the number 9",0.8713000000000001,1.1786224522174087,5.2400180327936346e-05
Llama-3.1-8B-Instruct_L30_U5245_D5,Llama-3.1-8B-Instruct,30,5245,5,"Discussions of phone or computer communication, often involving specific names or technical vocabulary",0.7606,0.5694380916272239,0.0045310133045707
Llama-3.1-8B-Instruct_L30_U6472_D1,Llama-3.1-8B-Instruct,30,6472,1,"End-of-sequence tokens following descriptions of services, products, or academic programs",0.9944,3.8093005412986263,7.212630106292319e-08
Llama-3.1-8B-Instruct_L30_U6472_D2,Llama-3.1-8B-Instruct,30,6472,2,End of text/product description,0.9207,1.5537065160591057,4.586742279573556e-06
Llama-3.1-8B-Instruct_L30_U6472_D3,Llama-3.1-8B-Instruct,30,6472,3,"Locations, events, or entities and their associated details",0.8989,1.3364777326014827,1.3905453529864868e-05
Llama-3.1-8B-Instruct_L30_U6472_D4,Llama-3.1-8B-Instruct,30,6472,4,Possessives or the beginning of numbered lists,0.8534,1.463545154203306,0.0001182914594962
Llama-3.1-8B-Instruct_L30_U6472_D5,Llama-3.1-8B-Instruct,30,6472,5,"Recommendations or suggestions, sometimes related to trying, getting, or looking at something",0.7928,0.9037559460235066,0.0014255773700564
Llama-3.1-8B-Instruct_L30_U6892_D1,Llama-3.1-8B-Instruct,30,6892,1,Medical or scientific research and analysis,0.6063000000000001,0.5059188931368823,0.2470431261654201
Llama-3.1-8B-Instruct_L30_U6892_D2,Llama-3.1-8B-Instruct,30,6892,2,"A discussion of stages and acts relating to life, business, and other ventures, especially in relation to providing support, resources, or training",0.4826,-0.0700125073594622,0.8500748337480704
Llama-3.1-8B-Instruct_L30_U6892_D3,Llama-3.1-8B-Instruct,30,6892,3,"Experiences related to historical events, locations, or figures, with a focus on historical accounts and personal narratives",0.1120999999999999,-2.2017718827553825,2.3840325373295173e-05
Llama-3.1-8B-Instruct_L30_U6892_D4,Llama-3.1-8B-Instruct,30,6892,4,"Software, tools, or applications for robotics, or the operation of or modification to vehicles or electronic devices",0.1102,-1.2453543869847443,2.1741970920869013e-05
Llama-3.1-8B-Instruct_L30_U6892_D5,Llama-3.1-8B-Instruct,30,6892,5,"Products made of steel, or steel itself",0.0916,-1.5873619141309128,8.633192930472837e-06
Llama-3.1-8B-Instruct_L30_U9947_D1,Llama-3.1-8B-Instruct,30,9947,1,"Discussions, meetings, and forums related to training, development, strategies, and knowledge sharing in various fields, including meditation, sports management, artisanal mining, yoga, cultural heritage, and biodiversity",0.5525,0.1353837567703092,0.5677104266454471
Llama-3.1-8B-Instruct_L30_U9947_D2,Llama-3.1-8B-Instruct,30,9947,2,"Attributes of gemstones, parts of alarms, types of clothing, or other products",0.4841999999999999,0.0150035124406332,0.8637587423467574
Llama-3.1-8B-Instruct_L30_U9947_D3,Llama-3.1-8B-Instruct,30,9947,3,"Names of people, places, organizations, media, or products and years",0.4544,-0.0398110082654722,0.6197156951067788
Llama-3.1-8B-Instruct_L30_U9947_D4,Llama-3.1-8B-Instruct,30,9947,4,"Actions related to supplying, providing, or assisting, often in the context of obtaining products or services",0.4469,-0.0519721865503653,0.5632887432060663
Llama-3.1-8B-Instruct_L30_U9947_D5,Llama-3.1-8B-Instruct,30,9947,5,Temporal or locational information or instructions related to events or services,0.2652,-0.4222135478334605,0.0105418626208913
Llama-3.1-8B-Instruct_L30_U10713_D1,Llama-3.1-8B-Instruct,30,10713,1,Products or services and their attributes or features,0.7194,0.5372892975832948,0.0168597909282589
Llama-3.1-8B-Instruct_L30_U10713_D2,Llama-3.1-8B-Instruct,30,10713,2,"Articles mentioning taxes for non-residents, various job opportunities, advice for aspiring coaches, new exhibition spaces, IVR payment systems, websites for specific diseases, IT services for government agencies, A/B testing for online shopping, e-commerce SEO agencies, legal terms for website usage, digital banking trends, PRP treatment, website design optimization, energy consulting services, the role of the first lady, facade glazing services, and carer conversations",0.5629,0.1239135281371457,0.4935133479838817
Llama-3.1-8B-Instruct_L30_U10713_D3,Llama-3.1-8B-Instruct,30,10713,3,"Personal experiences, opinions, or beliefs",0.5505,0.1061530037904618,0.5825681540118115
Llama-3.1-8B-Instruct_L30_U10713_D4,Llama-3.1-8B-Instruct,30,10713,4,"Locations, measurements, or counts",0.3248,-0.4763709644698275,0.056364636295948
Llama-3.1-8B-Instruct_L30_U10713_D5,Llama-3.1-8B-Instruct,30,10713,5,"Legal, sports, and entertainment updates and events",0.306,-0.4988729942501722,0.0345985474719239
Llama-3.1-8B-Instruct_L30_U12035_D1,Llama-3.1-8B-Instruct,30,12035,1,"Items or products related to home decor, often with additional details like brand names, locations, or specific product types",0.9273,1.706389510639348,3.243612872348128e-06
Llama-3.1-8B-Instruct_L30_U12035_D2,Llama-3.1-8B-Instruct,30,12035,2,"Temporal references related to schools, classes, or groups, and their activities",0.8208000000000001,1.2193242181738284,0.0004749983509699
Llama-3.1-8B-Instruct_L30_U12035_D3,Llama-3.1-8B-Instruct,30,12035,3,"Saving, investing, financial services, and customer service in various industries including home services, e-commerce, and internet providers",0.7912,0.8461300783239325,0.0015139810526189
Llama-3.1-8B-Instruct_L30_U12035_D4,Llama-3.1-8B-Instruct,30,12035,4,Gene expression in human or other animal brain tissues,0.5628,0.0961213001488166,0.4942012173341674
Llama-3.1-8B-Instruct_L30_U12035_D5,Llama-3.1-8B-Instruct,30,12035,5,"Conditional and hypothetical scenarios, often related to decision-making, problem-solving, or interpersonal situations",0.5455,0.0504139075820423,0.620484464615447
Llama-3.1-8B-Instruct_L30_U14030_D1,Llama-3.1-8B-Instruct,30,14030,1,"Cosmetics, beauty treatments, or health conditions and remedies",0.3226,-0.3308943341921714,0.0533380308185977
Llama-3.1-8B-Instruct_L30_U14030_D2,Llama-3.1-8B-Instruct,30,14030,2,"A description of an event or a time in someone's life, often involving a specific location or setting",0.1659,-1.074610873378906,0.000273303107183
Llama-3.1-8B-Instruct_L30_U14030_D3,Llama-3.1-8B-Instruct,30,14030,3,"Financial or legal processes, transactions, services, or advice",0.1545,-0.842506466518709,0.0001675033926555
Llama-3.1-8B-Instruct_L30_U14030_D4,Llama-3.1-8B-Instruct,30,14030,4,"Products or services related to personal care, home goods, or food, including home decor, mattresses, soap, food from a restaurant, baking tools, cleaning products, pet shampoo, car parts, cookies, teeth whitening products, dolls, hot springs, flash drives, skin serum, and appliances",0.0577,-2.0391529219580575,1.4487472311120863e-06
Llama-3.1-8B-Instruct_L30_U14030_D5,Llama-3.1-8B-Instruct,30,14030,5,"Features, functionality, and design of smart watches",0.0545,-1.6456214981515636,1.2158221247385956e-06
Llama-3.1-8B-Instruct_L30_U14157_D1,Llama-3.1-8B-Instruct,30,14157,1,Commercial offerings at a location,0.8609,1.284693078990282,8.447004965315859e-05
Llama-3.1-8B-Instruct_L30_U14157_D2,Llama-3.1-8B-Instruct,30,14157,2,"Food or product description with a numerical value (often weight, volume, price, or discount percentage)",0.8588,0.8711472077009683,9.288188280404298e-05
Llama-3.1-8B-Instruct_L30_U14157_D3,Llama-3.1-8B-Instruct,30,14157,3,"Numbers, often years or monetary amounts, in financial, legal, or technical documents, often related to programs, agreements, services, or products",0.8361000000000001,0.941068562356541,0.0002510739429736
Llama-3.1-8B-Instruct_L30_U14157_D4,Llama-3.1-8B-Instruct,30,14157,4,"Discussions of executive or important figures, often related to companies or organizations, and sometimes involving legal or regulatory matters",0.589,0.128517344779858,0.3325037538087688
Llama-3.1-8B-Instruct_L30_U14157_D5,Llama-3.1-8B-Instruct,30,14157,5,"Locations, times, and/or durations",0.5867,-0.0754208154056645,0.3451567434759233
gemma-scope-2b_L0_U31_D1,gemma-scope-2b,0,31,1,"Discussions of software development tools, marketing campaigns, or online discussions, often including a list of commands or actions",0.3289499999999999,-0.3682565648875929,0.0571312523973271
gemma-scope-2b_L0_U31_D2,gemma-scope-2b,0,31,2,"Names of people, locations, and products/brands, often associated with entertainment, politics, or current events",0.1704999999999999,-0.7180085949378758,0.0002453769224833
gemma-scope-2b_L0_U31_D3,gemma-scope-2b,0,31,3,"Locations, typically related to businesses or events, often with an ""outdoor"" or ""vintage"" theme, sometimes related to designers or design",0.1704999999999999,-0.7180085949378758,0.0002453769224833
gemma-scope-2b_L0_U31_D4,gemma-scope-2b,0,31,4,"Locations, objects, or events related to structured marketing or research efforts, especially those involving physical spaces or data gathering",0.1704999999999999,-0.7180085949378758,0.0002453769224833
gemma-scope-2b_L0_U31_D5,gemma-scope-2b,0,31,5,Locations (indoor/outdoor) or descriptive words relating to age or style (vintage),0.1704999999999999,-0.7180085949378758,0.0002453769224833
gemma-scope-2b_L0_U2536_D1,gemma-scope-2b,0,2536,1,"Concepts of humaneness, political processes, events happening on a stage, and small-scale events/items",0.29005,-0.5422016467498783,0.0195853144725678
gemma-scope-2b_L0_U2536_D2,gemma-scope-2b,0,2536,2,"Phases or progression related to processes or development, sometimes related to human activity or potential",0.2823,-0.5997193773383577,0.015522865014856
gemma-scope-2b_L0_U2536_D3,gemma-scope-2b,0,2536,3,"Locations, small items or things, and motion/movement",0.25925,-0.5875034526369853,0.007413193253824
gemma-scope-2b_L0_U2536_D4,gemma-scope-2b,0,2536,4,"Performance/capability, often related to delivery, stages or human biology",0.19305,-0.6626503787012465,0.0006368827513465
gemma-scope-2b_L0_U2536_D5,gemma-scope-2b,0,2536,5,"A multi-faceted concept related to performance spaces and the activities occurring within them, including scheduled events and specific locations within the venues",0.1704999999999999,-0.6943505155430157,0.0002453769545564
gemma-scope-2b_L0_U2696_D1,gemma-scope-2b,0,2696,1,A person's interaction with machinery/tools/devices/instruments,0.291,-0.4863747360746309,0.0108550576609857
gemma-scope-2b_L0_U2696_D2,gemma-scope-2b,0,2696,2,"Male individuals, vehicles, and acts of observation",0.291,-0.4863747360746309,0.0108550576609857
gemma-scope-2b_L0_U2696_D3,gemma-scope-2b,0,2696,3,"Body parts, vehicles, and the pronoun ""he""",0.291,-0.4863747360746309,0.0108550576609857
gemma-scope-2b_L0_U2696_D4,gemma-scope-2b,0,2696,4,"Transport, animals, or giving",0.291,-0.4863747360746309,0.0108550576609857
gemma-scope-2b_L0_U2696_D5,gemma-scope-2b,0,2696,5,"Tools, food, or devices and their usage",0.291,-0.4863747360746309,0.0108550576609857
gemma-scope-2b_L0_U2725_D1,gemma-scope-2b,0,2725,1,"Experiences, events, or entities related to travel, leisure, or tourism",0.5859,-0.3204917528816046,0.3177735491736875
gemma-scope-2b_L0_U2725_D2,gemma-scope-2b,0,2725,2,End-of-sentence punctuation,0.5006,-0.3381458257409215,0.9948889427976926
gemma-scope-2b_L0_U2725_D3,gemma-scope-2b,0,2725,3,End of sequence activations,0.4543,-0.3545496606711916,0.5949464431095741
gemma-scope-2b_L0_U2725_D4,gemma-scope-2b,0,2725,4,End of a text excerpt,0.4364,-0.348408821798686,0.4588189710188335
gemma-scope-2b_L0_U2725_D5,gemma-scope-2b,0,2725,5,End of sequence token activations,0.3367,-0.3633986706696155,0.0568294441618864
gemma-scope-2b_L0_U2818_D1,gemma-scope-2b,0,2818,1,"Types of lubricant, correspondence, action to take, reticles in microscopes, government and public announcements, types of train, bone and joint supplements, criminology and academic discourse, heart ventricles, parameters, chemical compounds, ophthalmologists, well drilling bits, aseptic processing, specialized commissioning, likelihood estimates, a type of grant, favela dwellers, accountancy, and hallucinations",0.4431999999999999,-0.2401166195050201,0.4965311835428392
gemma-scope-2b_L0_U2818_D2,gemma-scope-2b,0,2818,2,"Equipment Coordination Professionals network actions, including changes to terms and conditions, service availability, and user registration requirements",0.3483999999999999,-0.3404526697547511,0.0690863863470922
gemma-scope-2b_L0_U2818_D3,gemma-scope-2b,0,2818,3,"Actions related to food preparation, cosmetics or crafts, and activities involving exertion",0.2784999999999999,-0.4133122527462879,0.0078298727760736
gemma-scope-2b_L0_U2818_D4,gemma-scope-2b,0,2818,4,"Actions, often religious ones, or written communication",0.2784999999999999,-0.4133122527462879,0.0078298727760736
gemma-scope-2b_L0_U2818_D5,gemma-scope-2b,0,2818,5,"Actions, proper names, and publicized items",0.2784999999999999,-0.4133122527462879,0.0078298727760736
gemma-scope-2b_L0_U3681_D1,gemma-scope-2b,0,3681,1,End of sequence token activations,0.0377,-0.50231471333388,4.7442373329079835e-07
gemma-scope-2b_L0_U3681_D2,gemma-scope-2b,0,3681,2,End of sequence tokens at the end of online advertisements or product descriptions,0.0324,-0.5016199521253701,3.503925210205849e-07
gemma-scope-2b_L0_U3681_D3,gemma-scope-2b,0,3681,3,"End-of-sentence occurring after introductory contextual information, such as titles, descriptions, or lead-in phrases",0.0263,-0.5068560464257357,2.46154356156583e-07
gemma-scope-2b_L0_U3681_D4,gemma-scope-2b,0,3681,4,Experiences or qualifications described as previous or earlier,0.021,-0.5117859774309336,1.8050483932221995e-07
gemma-scope-2b_L0_U3681_D5,gemma-scope-2b,0,3681,5,End of sequence or a specific word following a very long sequence of empty lists,0.021,-0.5117859774309336,1.8050483932221995e-07
gemma-scope-2b_L0_U3740_D1,gemma-scope-2b,0,3740,1,"Professions, often legal or medical, and reflexive pronouns",0.3942,-0.3756445715976675,0.1729049407379038
gemma-scope-2b_L0_U3740_D2,gemma-scope-2b,0,3740,2,"Themes of self-improvement, sales, and coaching, especially in relation to sports, business, or personal development",0.3285,-0.4352854357350677,0.0268501574645464
gemma-scope-2b_L0_U3740_D3,gemma-scope-2b,0,3740,3,Locations or things encompassing the whole or the majority,0.3285,-0.4352854357350677,0.0268501574645464
gemma-scope-2b_L0_U3740_D4,gemma-scope-2b,0,3740,4,"Inner thoughts, feelings, and experiences",0.3285,-0.4352854357350677,0.0268501574645464
gemma-scope-2b_L0_U3740_D5,gemma-scope-2b,0,3740,5,"Legal professionals, pastors, coaches, hotels, everything, whole, and departures",0.3285,-0.4352854357350677,0.0268501574645464
gemma-scope-2b_L0_U4554_D1,gemma-scope-2b,0,4554,1,"Exclusivity, allowance, placement, increased quantity/quality, and artistic activities",0.6361000000000001,0.0487315161013392,0.1287342795130269
gemma-scope-2b_L0_U4554_D2,gemma-scope-2b,0,4554,2,"Duration of service/contract/agreement, or time period of a ban/study/investment, especially in relation to business, finance, legal or technical contexts",0.4447,-0.265812382777876,0.5369531435200985
gemma-scope-2b_L0_U4554_D3,gemma-scope-2b,0,4554,3,"Intelligence gathering, growing plants, placing objects, time periods, marijuana use, higher goals, something only happening once, running and the greeting ""hi"", being originally from somewhere",0.3237,-0.4313516949983084,0.0488819443316682
gemma-scope-2b_L0_U4554_D4,gemma-scope-2b,0,4554,4,"Exclusivity, short durations, or small quantities, sometimes referring to locations with ""Spa"" in their name",0.3083999999999999,-0.4343457133531557,0.0322331091675341
gemma-scope-2b_L0_U4554_D5,gemma-scope-2b,0,4554,5,"Exclusivity, limitations, or allowances",0.28955,-0.4606742895087123,0.0186854040300349
gemma-scope-2b_L0_U6213_D1,gemma-scope-2b,0,6213,1,Time of year or time period and user or customer friendliness,0.817,0.3277390773630648,0.0003618090609073
gemma-scope-2b_L0_U6213_D2,gemma-scope-2b,0,6213,2,"Times of year, customer service qualities, and community involvement",0.817,0.3277936754585105,0.0003618090456196
gemma-scope-2b_L0_U6213_D3,gemma-scope-2b,0,6213,3,"Professional or community settings, often related to careers, yearly events, and helpful personnel",0.817,0.3275806542889573,0.0003618090609073
gemma-scope-2b_L0_U6213_D4,gemma-scope-2b,0,6213,4,"Time periods including seasons like summer, winter, and the holiday season, sometimes in relation to activities like planning",0.817,0.3282539938839058,0.0003618090761949
gemma-scope-2b_L0_U6213_D5,gemma-scope-2b,0,6213,5,"Times of year/sports seasons including preseason, regular season, offseason, and specific seasons like summer and winter",0.817,0.3288661459580963,0.0003618090761949
gemma-scope-2b_L0_U6600_D1,gemma-scope-2b,0,6600,1,"Plants, specifically flowers, and also including food and their preparation",0.8574,0.3752544680573701,7.204155190919017e-06
gemma-scope-2b_L0_U6600_D2,gemma-scope-2b,0,6600,2,"Liquids, plants, or plant-based products",0.8557,0.3720114784755386,7.961470536467905e-06
gemma-scope-2b_L0_U6600_D3,gemma-scope-2b,0,6600,3,"Flora, water, or animals, often in a habitat or natural environment",0.8554,0.3730169597090073,8.10278052054756e-06
gemma-scope-2b_L0_U6600_D4,gemma-scope-2b,0,6600,4,"Industrial accidents, uncontrolled plant growth, or troublesome animals near bodies of water",0.8551,0.3707113291725236,8.246488869118647e-06
gemma-scope-2b_L0_U6600_D5,gemma-scope-2b,0,6600,5,"Flora, ecosystems, natural resources, and fixed assets",0.8551,0.3718954331201931,8.246487542080872e-06
gemma-scope-2b_L0_U10338_D1,gemma-scope-2b,0,10338,1,"Partnerships, especially those threatened by external forces",0.9694,3.2374235934751936,3.163689811897454e-07
gemma-scope-2b_L0_U10338_D2,gemma-scope-2b,0,10338,2,"Beginning of text, proper nouns related to organizations, places, and people",0.7571,1.4275142159196104,0.0051026442745949
gemma-scope-2b_L0_U10338_D3,gemma-scope-2b,0,10338,3,"Appliance malfunction or repair, software drivers, pest control, computer hardware, skin/hair care products, video game cheats, industrial processes, fish food, moving company services, telemetry, biological research, medical conditions, reptilian blood parasite identification, Italian infrastructure development, holster clips, sports eyewear",0.5053,0.7717342443916122,0.954388147524794
gemma-scope-2b_L0_U10338_D4,gemma-scope-2b,0,10338,4,"Brand names, technology, financial concepts, and general concepts related to digital media or communications, often appearing multiple times in a given text",0.4373999999999999,0.731962228885488,0.4955784479755659
gemma-scope-2b_L0_U10338_D5,gemma-scope-2b,0,10338,5,"Locations, including rooms, buildings, and outdoor spaces, often with proper nouns",0.0353,-1.485619643142815,4.144002325672163e-07
gemma-scope-2b_L0_U10531_D1,gemma-scope-2b,0,10531,1,"Indefinite articles preceding nouns related to clothing items, body parts, or accessories, often within the context of fashion or product descriptions",0.9011,1.642778052216183,8.802012462785447e-06
gemma-scope-2b_L0_U10531_D2,gemma-scope-2b,0,10531,2,"The indefinite article preceding a noun, often related to a role, title, profession, or singular item",0.7059,1.2656204912818578,0.0225272579750282
gemma-scope-2b_L0_U10531_D3,gemma-scope-2b,0,10531,3,"Indefinite articles preceding nouns related to digital content, software components, business entities, financial instruments, and technical concepts",0.5839,-0.0801570820134966,0.3527450063964877
gemma-scope-2b_L0_U10531_D4,gemma-scope-2b,0,10531,4,"Indefinite articles preceding nouns relating to formal official processes, communications, or legal and financial matters",0.4275,-0.3954328356859555,0.4220116491531758
gemma-scope-2b_L0_U10531_D5,gemma-scope-2b,0,10531,5,"Indefinite articles preceding nouns describing amenities, facilities, or features, often within the context of accommodations, locations, or events",0.4261,-0.4015771864920719,0.4130992474700697
gemma-scope-2b_L0_U10698_D1,gemma-scope-2b,0,10698,1,"Products or works related to lighting fixtures, musical instruments, fashion apparel, book descriptions, food, furniture, industrial equipment, or cosmetics",1.0,86.7012329208151,5.1283342708161955e-08
gemma-scope-2b_L0_U10698_D2,gemma-scope-2b,0,10698,2,"Beginning of text, names of people, places, organizations, brands, products, companies, events, and acronyms",1.0,55.441567756006656,5.1283342708161955e-08
gemma-scope-2b_L0_U10698_D3,gemma-scope-2b,0,10698,3,"Medical, chemical or technical terminology related to specific entities or processes",1.0,97.48394830675257,5.1283342708161955e-08
gemma-scope-2b_L0_U10698_D4,gemma-scope-2b,0,10698,4,"Locations, people, events, and organizations often related to history, geography, or entertainment",1.0,87.7615731783269,5.1283342708161955e-08
gemma-scope-2b_L0_U10698_D5,gemma-scope-2b,0,10698,5,"Korean food, names, locations, music, and entertainment",1.0,98.70158749260683,5.1283342708161955e-08
gemma-scope-2b_L0_U12182_D1,gemma-scope-2b,0,12182,1,"Home improvements, dental procedures, taxes, and savings accounts",1.0,31.976186891656106,1.3877072741394167e-41
gemma-scope-2b_L0_U12182_D2,gemma-scope-2b,0,12182,2,Products or items and their specifications or descriptions,0.8427999999999999,22.74489336754297,2.179932009174991e-21
gemma-scope-2b_L0_U12182_D3,gemma-scope-2b,0,12182,3,"Themes of socioeconomic status, philosophy, religion, academic research, entertainment, politics, magic/occultism, surveys, physics, circumvention of geoblocking, software platforms, concepts of grace and blessings, biographies, virtual reality, and education",0.8427999999999999,18.97712274109529,2.179932009174991e-21
gemma-scope-2b_L0_U12182_D4,gemma-scope-2b,0,12182,4,"Culinary creations, artistic endeavors, leisure activities, or product reviews",0.8427999999999999,18.74032506741215,2.179932009174991e-21
gemma-scope-2b_L0_U12182_D5,gemma-scope-2b,0,12182,5,Brexit negotiations/deals,0.6855999999999999,16.079663751473966,1.2990505019172153e-07
gemma-scope-2b_L0_U12482_D1,gemma-scope-2b,0,12482,1,"Real estate, locations, and proper nouns",0.003,-1.4257480583617843,6.158775163971522e-08
gemma-scope-2b_L0_U12482_D2,gemma-scope-2b,0,12482,2,"Pregnancy, babies, and gestational diabetes, or small size/amount",0.003,-1.4257480583617843,6.158775163971522e-08
gemma-scope-2b_L0_U12482_D3,gemma-scope-2b,0,12482,3,Small devices or tools,0.003,-1.4257480583617843,6.158775163971522e-08
gemma-scope-2b_L0_U12482_D4,gemma-scope-2b,0,12482,4,"Small, cute items or characters, often described as little",0.003,-1.4257480583617843,6.158775163971522e-08
gemma-scope-2b_L0_U12482_D5,gemma-scope-2b,0,12482,5,"Themes of finance, politics, conflict, and negative events",0.003,-1.4257480583617843,6.158775163971522e-08
gemma-scope-2b_L0_U13183_D1,gemma-scope-2b,0,13183,1,"Locations, proper nouns, and establishments related to hospitality, travel, and entertainment",0.7168,1.0300279230295943,0.018204826946387
gemma-scope-2b_L0_U13183_D2,gemma-scope-2b,0,13183,2,"Proper nouns in contexts of fantasy, media, politics, and academic disciplines",0.6936,0.5725724629002825,0.0349731986460308
gemma-scope-2b_L0_U13183_D3,gemma-scope-2b,0,13183,3,"Fax services, kidney and bladder function, adjudication and legal jurisdictions, functional fitness, phone and computer interaction, software functionality, website functions, magic spells, medical leadership competency, comic and camera framing, construction diplomas, Skype functionality, VoIP functionalities, artisanal mining, and daycare competence",0.4416,-0.3382020241108867,0.5249683487161609
gemma-scope-2b_L0_U13183_D4,gemma-scope-2b,0,13183,4,"Fantasy elements, functions/routines, and kitchen/household appliances",0.4314,-0.3592279418919546,0.4551652948575824
gemma-scope-2b_L0_U13183_D5,gemma-scope-2b,0,13183,5,"Dishwashers, often the Whirlpool brand, or their components, sometimes clogged",0.4181,-0.3874328776925645,0.3725371657912052
gemma-scope-2b_L0_U13502_D1,gemma-scope-2b,0,13502,1,"The concept of proper names of people, organizations, or locations appearing multiple times in the same text, especially in close proximity",0.13485,-0.9988580851313776,6.958649796799312e-05
gemma-scope-2b_L0_U13502_D2,gemma-scope-2b,0,13502,2,"Medical conditions, treatments, and professionals",0.06385,-1.162744036344019,2.0217466380482386e-06
gemma-scope-2b_L0_U13502_D3,gemma-scope-2b,0,13502,3,"Luxury accommodations, food, or transportation, often with specific brands or names",0.0435,-1.19161923478773,6.594440777318759e-07
gemma-scope-2b_L0_U13502_D4,gemma-scope-2b,0,13502,4,Proper nouns in different contexts,0.0298499999999999,-1.2310158645853984,3.0285313052829145e-07
gemma-scope-2b_L0_U13502_D5,gemma-scope-2b,0,13502,5,"Locations, people, events, products, and organizations",0.0115,-1.3023377352894454,1.028550858604587e-07
gemma-scope-2b_L0_U13988_D1,gemma-scope-2b,0,13988,1,End of text/input,0.5762,-0.3245273804865128,0.3934302508108754
gemma-scope-2b_L0_U13988_D2,gemma-scope-2b,0,13988,2,End of text,0.5755,-0.3249155518385918,0.3977936648502606
gemma-scope-2b_L0_U13988_D3,gemma-scope-2b,0,13988,3,End of text,0.5755,-0.3249155518385918,0.3977936648502606
gemma-scope-2b_L0_U13988_D4,gemma-scope-2b,0,13988,4,End of text/document,0.5754,-0.3249153488068287,0.3984193819374089
gemma-scope-2b_L0_U13988_D5,gemma-scope-2b,0,13988,5,End of text/short descriptions of items/products/services,0.5754,-0.3249246193821546,0.3984193819374089
gemma-scope-2b_L0_U14477_D1,gemma-scope-2b,0,14477,1,"Food, specifically ingredients like dairy products, spices, and vegetables",0.5245,-0.305380990664737,0.7687979536587841
gemma-scope-2b_L0_U14477_D2,gemma-scope-2b,0,14477,2,"Proper nouns related to people, places, or organizations, and words semantically connected to feelings of excitement, liveliness, or having successfully completed a task",0.3477999999999999,-0.4245296361759297,0.066415749296981
gemma-scope-2b_L0_U14477_D3,gemma-scope-2b,0,14477,3,France or French or religion or leverage or operating,0.31195,-0.4691626662529247,0.0232403366530709
gemma-scope-2b_L0_U14477_D4,gemma-scope-2b,0,14477,4,"Religious belief systems, dairy products, and feelings of excitement",0.2835,-0.4864695146400704,0.0089370963226776
gemma-scope-2b_L0_U14477_D5,gemma-scope-2b,0,14477,5,"Nationalities, positive properties, and actions/states involving successful outcomes",0.2835,-0.4864695146400704,0.0089370963226776
gemma-scope-2b_L0_U16268_D1,gemma-scope-2b,0,16268,1,Discussions of religion or deities,0.267,-0.3712734805057247,0.0057282680409545
gemma-scope-2b_L0_U16268_D2,gemma-scope-2b,0,16268,2,"End of sequence tokens, most frequently occurring at the end of short texts about products or reviews",0.267,-0.3712734805057247,0.0057282680409545
gemma-scope-2b_L0_U16268_D3,gemma-scope-2b,0,16268,3,End of sequence tokens,0.267,-0.3712734805057247,0.0057282680409545
gemma-scope-2b_L0_U16268_D4,gemma-scope-2b,0,16268,4,"Expression of personal experiences, facts, or opinions",0.267,-0.3712734805057247,0.0057282680409545
gemma-scope-2b_L0_U16268_D5,gemma-scope-2b,0,16268,5,End of a text excerpt,0.267,-0.3712734805057247,0.0057282680409545
gemma-scope-2b_L10_U603_D1,gemma-scope-2b,10,603,1,"Times of day, days of the week/year, or longer durations of time",0.9842,6.102784255218829,1.2558874289286171e-08
gemma-scope-2b_L10_U603_D2,gemma-scope-2b,10,603,2,"Units of time like days, months, and years",0.9735,4.440269462106258,2.6040661041818922e-08
gemma-scope-2b_L10_U603_D3,gemma-scope-2b,10,603,3,"Units of time (days, weeks, months, years, hours, minutes, evenings, nights, weekends, centuries, lifetimes)",0.9575,3.323076845098874,7.529299728776229e-08
gemma-scope-2b_L10_U603_D4,gemma-scope-2b,10,603,4,"Units of time, often in the context of duration, repetition, or scheduling",0.9003,2.4114538276440483,2.5314335077913525e-06
gemma-scope-2b_L10_U603_D5,gemma-scope-2b,10,603,5,Units of time,0.8833,2.4023076082718444,6.614851489041135e-06
gemma-scope-2b_L10_U1198_D1,gemma-scope-2b,10,1198,1,A brand/company name,0.498,-0.0542164327701729,0.8451658793934881
gemma-scope-2b_L10_U1198_D2,gemma-scope-2b,10,1198,2,"Methods for establishing or enhancing online presence, including website creation, backlink strategies, and online marketing",0.498,-0.0542164327701729,0.8451658793934881
gemma-scope-2b_L10_U1198_D3,gemma-scope-2b,10,1198,3,"Discussions of accounts, subjects, descriptions, and learning, often within the context of a crisis or automation and online platforms or systems",0.498,-0.0542164327701729,0.8451658793934881
gemma-scope-2b_L10_U1198_D4,gemma-scope-2b,10,1198,4,"Dates and times of events, often related to entertainment, education, or business",0.498,-0.0542164327701729,0.8451658793934881
gemma-scope-2b_L10_U1198_D5,gemma-scope-2b,10,1198,5,"Recipes and food, often including specific ingredients or cooking methods",0.498,-0.0542164327701729,0.8451658793934881
gemma-scope-2b_L10_U1928_D1,gemma-scope-2b,10,1928,1,"Business growth, success, and effective marketing strategies",0.9448,1.8899157578544887,9.006800977358521e-07
gemma-scope-2b_L10_U1928_D2,gemma-scope-2b,10,1928,2,"Popularity, success, or positive reception of brands, products, or ventures",0.9392,2.1801504153292397,1.2325509045469369e-06
gemma-scope-2b_L10_U1928_D3,gemma-scope-2b,10,1928,3,"Political success, popularity, and societal impact",0.8822,0.7115624692845999,2.434614588282476e-05
gemma-scope-2b_L10_U1928_D4,gemma-scope-2b,10,1928,4,"Popularity, success, and high performance in various domains, such as entertainment, products, or personal achievements",0.8085,1.2886438291043982,0.0006573550309449
gemma-scope-2b_L10_U1928_D5,gemma-scope-2b,10,1928,5,"Strong positive outcomes/results of products or services, often in a competitive context",0.7649999999999999,0.5189245050053642,0.0034299292284989
gemma-scope-2b_L10_U2286_D1,gemma-scope-2b,10,2286,1,Retail locations of Easter treats or the concept of family relationships,0.0116,-0.8651380174922308,8.997126239863633e-12
gemma-scope-2b_L10_U2286_D2,gemma-scope-2b,10,2286,2,"Locations, often including cities and states/regions",0.01125,-0.865032246914234,8.695907521704718e-12
gemma-scope-2b_L10_U2286_D3,gemma-scope-2b,10,2286,3,"Locations/areas related to business, employment, or finance",0.00965,-0.8652164400695413,7.440108651771e-12
gemma-scope-2b_L10_U2286_D4,gemma-scope-2b,10,2286,4,"The beginning of texts describing card games, color pickers, car parts, kitchen/bathroom installations, scientific experiments, road constructions, baking tools, minerals, teeth whitening, food recipes, restaurants, optic fiber products, batteries and chargers, computer parts, pickup trucks, medical equipment, fish feeding, online communities, mattresses, and smartwatches",0.0081,-0.8652702619339058,6.3937791455521826e-12
gemma-scope-2b_L10_U2286_D5,gemma-scope-2b,10,2286,5,"Displaying, viewing, presenting, or demonstrating something, sometimes within the context of an organization or event",0.0079,-0.8652638932214172,6.269744447329285e-12
gemma-scope-2b_L10_U3209_D1,gemma-scope-2b,10,3209,1,"Temperatures, dates (months), places (cities, states), relationships, communications, media (television, photography), restaurants, entertainment, opportunities",0.7287,0.6970892109108966,0.0127356600207251
gemma-scope-2b_L10_U3209_D2,gemma-scope-2b,10,3209,2,"Names of companies or organizations, types of vehicles, months of the year, and words related to mechanical or automated processes/machinery",0.226,-0.7899520833893328,0.0028394251188095
gemma-scope-2b_L10_U3209_D3,gemma-scope-2b,10,3209,3,"Positive adjectives or descriptions related to aesthetics, events, holidays, locations, photography, or websites",0.1796999999999999,-0.9205079415380568,0.0004847717872016
gemma-scope-2b_L10_U3209_D4,gemma-scope-2b,10,3209,4,"Commercial or promotional content, often related to real estate or online platforms, including websites and social media",0.0558,-1.3289516702907112,1.305649097369258e-06
gemma-scope-2b_L10_U3209_D5,gemma-scope-2b,10,3209,5,"Culinary experiences, often with a focus on specific ingredients or dishes, in restaurant settings or home cooking",0.051,-1.3785691119652883,1.0022980037511655e-06
gemma-scope-2b_L10_U3863_D1,gemma-scope-2b,10,3863,1,"Scientific study results and conclusions, or a backlink to previous content",0.4985,-0.054180141386535,0.8668999038035439
gemma-scope-2b_L10_U3863_D2,gemma-scope-2b,10,3863,2,Discussions of the status or progress of some formal process or agreement,0.4985,-0.054180141386535,0.8668999038035439
gemma-scope-2b_L10_U3863_D3,gemma-scope-2b,10,3863,3,Online communities or resources,0.4985,-0.054180141386535,0.8668999038035439
gemma-scope-2b_L10_U3863_D4,gemma-scope-2b,10,3863,4,Email or website feed subscriptions,0.4985,-0.054180141386535,0.8668999038035439
gemma-scope-2b_L10_U3863_D5,gemma-scope-2b,10,3863,5,"Years, often related to birth dates or anniversaries",0.4985,-0.054180141386535,0.8668999038035439
gemma-scope-2b_L10_U4006_D1,gemma-scope-2b,10,4006,1,"File extensions, URLs, or numerical webpage elements in text excerpts, sometimes related to donations or mission trips",1.0,74.68604152834189,5.749023523918321e-132
gemma-scope-2b_L10_U4006_D2,gemma-scope-2b,10,4006,2,"File path separators and punctuation marks, often found at the end of URLs",1.0,84.63612370028237,5.749023523918321e-132
gemma-scope-2b_L10_U4006_D3,gemma-scope-2b,10,4006,3,"A question or statement about a specific product or service followed by further information, sometimes including a URL or other link contained within brackets",0.54635,0.401415348449973,0.0010187882797166
gemma-scope-2b_L10_U4006_D4,gemma-scope-2b,10,4006,4,"PHP file extensions, or numbers, often followed by the word 'for'",0.4965,-0.075052566759182,0.7936511989943162
gemma-scope-2b_L10_U4006_D5,gemma-scope-2b,10,4006,5,"A forward slash or greater than symbol, followed by a period, at the beginning of a line, often preceding a URL or a web address",0.4965,-0.075052566759182,0.7936511989943162
gemma-scope-2b_L10_U4250_D1,gemma-scope-2b,10,4250,1,Locations below something,0.4975,-0.0663307585815319,0.8262064843112343
gemma-scope-2b_L10_U4250_D2,gemma-scope-2b,10,4250,2,"Concepts of sequencing, ordering, or specifying a location within a sequence",0.4975,-0.0663307585815319,0.8262064843112343
gemma-scope-2b_L10_U4250_D3,gemma-scope-2b,10,4250,3,"Events, services, or establishments in a specific location",0.4975,-0.0663307585815319,0.8262064843112343
gemma-scope-2b_L10_U4250_D4,gemma-scope-2b,10,4250,4,Technical specifications of various products,0.4975,-0.0663307585815319,0.8262064843112343
gemma-scope-2b_L10_U4250_D5,gemma-scope-2b,10,4250,5,Culinary recipes or food descriptions,0.4975,-0.0663307585815319,0.8262064843112343
gemma-scope-2b_L10_U8516_D1,gemma-scope-2b,10,8516,1,"Freshness, including freshness of ingredients, scents, and new or refreshed states",0.9991,10.54222907823606,6.999618765563175e-10
gemma-scope-2b_L10_U8516_D2,gemma-scope-2b,10,8516,2,"New, fresh, or refreshing items, sometimes related to food or drinks, and occasionally concerning new students or recent graduates",0.9769,5.95246677582225,3.82008903288156e-09
gemma-scope-2b_L10_U8516_D3,gemma-scope-2b,10,8516,3,"Newness, freshness, or starting from scratch",0.8862500000000001,3.1300707922407103,1.824015479461437e-06
gemma-scope-2b_L10_U8516_D4,gemma-scope-2b,10,8516,4,Water-related concepts,0.1818,-0.1869437210958574,8.40181799909982e-05
gemma-scope-2b_L10_U8516_D5,gemma-scope-2b,10,8516,5,"New, original, or truthful things",0.0825,-0.7075484386549481,2.460694672675031e-07
gemma-scope-2b_L10_U8648_D1,gemma-scope-2b,10,8648,1,"Dates and numbers related to financial, legal, or technical documents",0.3334,-0.2670349665144444,0.0294930898838874
gemma-scope-2b_L10_U8648_D2,gemma-scope-2b,10,8648,2,"Titles, names, and numbers relating to publications, news articles, or media",0.0248,-0.8525987142515558,5.289091370568062e-10
gemma-scope-2b_L10_U8648_D3,gemma-scope-2b,10,8648,3,"Locations, times, or numbers in lists of properties, births, sporting events, or hotels",0.02255,-0.859471486931861,4.3845026734052834e-10
gemma-scope-2b_L10_U8648_D4,gemma-scope-2b,10,8648,4,"The beginning of texts, sometimes including pronouns or numbers",0.0172,-0.863076675582644,2.797373447342495e-10
gemma-scope-2b_L10_U8648_D5,gemma-scope-2b,10,8648,5,Gene expression profiles from datasets related to brain tissue or cell lines,0.0002,-0.8999886500541614,6.498233386131788e-11
gemma-scope-2b_L10_U8945_D1,gemma-scope-2b,10,8945,1,A stadium name in the context of accessibility improvements for disabled people,0.4995,-0.0316227780101397,0.9282872148296558
gemma-scope-2b_L10_U8945_D2,gemma-scope-2b,10,8945,2,"Financial incentives or support related to business, government, or organizational activities",0.4995,-0.0316227780101397,0.9282872148296558
gemma-scope-2b_L10_U8945_D3,gemma-scope-2b,10,8945,3,"Methods to increase website traffic, including seeking backlinks, using SEO, and advertising services",0.4995,-0.0316227780101397,0.9282872148296558
gemma-scope-2b_L10_U8945_D4,gemma-scope-2b,10,8945,4,Positive customer feedback/reviews,0.4995,-0.0316227780101397,0.9282872148296558
gemma-scope-2b_L10_U8945_D5,gemma-scope-2b,10,8945,5,"Products or items with features, properties, or specifications",0.4995,-0.0316227780101397,0.9282872148296558
gemma-scope-2b_L10_U9562_D1,gemma-scope-2b,10,9562,1,"Information previously provided, communicated, or displayed",0.9434,2.257838983854634,1.1195927085664009e-07
gemma-scope-2b_L10_U9562_D2,gemma-scope-2b,10,9562,2,"Prior or previous events, actions, or information, sometimes specifically related to writing or speaking about something",0.5182,-0.2647896823246509,0.8276545203689575
gemma-scope-2b_L10_U9562_D3,gemma-scope-2b,10,9562,3,"Communication, discussions, or statements, especially in formal contexts",0.31105,-0.4524653268142894,0.0230661265610063
gemma-scope-2b_L10_U9562_D4,gemma-scope-2b,10,9562,4,Referencing or alluding to earlier parts of the text,0.2804999999999999,-0.4637679349108737,0.0082574047805862
gemma-scope-2b_L10_U9562_D5,gemma-scope-2b,10,9562,5,"Statements about something said, mentioned, called, or known",0.2804999999999999,-0.4637679349108737,0.0082574047805862
gemma-scope-2b_L10_U10341_D1,gemma-scope-2b,10,10341,1,"Hex color codes and RGB values, often within the context of web design or color selection tools",0.9993,41.88421007032317,2.4191405211883613e-25
gemma-scope-2b_L10_U10341_D2,gemma-scope-2b,10,10341,2,Colors,0.997,18.035539919207658,3.996054131083552e-25
gemma-scope-2b_L10_U10341_D3,gemma-scope-2b,10,10341,3,"Colors, numbers, and body parts related to hands, as well as emotions",0.8741000000000001,4.478906634092972,3.744864663370871e-15
gemma-scope-2b_L10_U10341_D4,gemma-scope-2b,10,10341,4,"Colors, subscriptions, and time units, often appearing in descriptions of protests, scientific observations, or online content",0.7735000000000001,5.405109014601777,6.598953740827034e-09
gemma-scope-2b_L10_U10341_D5,gemma-scope-2b,10,10341,5,"Sports, especially references to teams and leagues",0.6028,0.2871431042106523,0.0270743976476689
gemma-scope-2b_L10_U10787_D1,gemma-scope-2b,10,10787,1,"The status of software development or implementation tasks, frequently related to wiki or database updates",0.471,-0.1954321860749283,0.4340749806420449
gemma-scope-2b_L10_U10787_D2,gemma-scope-2b,10,10787,2,"Discussions of wealth, poverty, or economic disparity, often related to mindset or behavior",0.471,-0.1954321860749283,0.4340749806420449
gemma-scope-2b_L10_U10787_D3,gemma-scope-2b,10,10787,3,"Complete or full versions of games, software, or other products/items",0.471,-0.1954321860749283,0.4340749806420449
gemma-scope-2b_L10_U10787_D4,gemma-scope-2b,10,10787,4,Total certainty or assurance,0.471,-0.1954321860749283,0.4340749806420449
gemma-scope-2b_L10_U10787_D5,gemma-scope-2b,10,10787,5,"Duration, extent, or frequency of events or states",0.471,-0.1954321860749283,0.4340749806420449
gemma-scope-2b_L10_U10818_D1,gemma-scope-2b,10,10818,1,"Discussions of controversial replacements or alternatives, often focusing on efficacy and public perception, commonly framed within specific geographic locations or organizations",0.1522,-0.5168080647130552,4.698663318078664e-07
gemma-scope-2b_L10_U10818_D2,gemma-scope-2b,10,10818,2,Financial or economic aspects of services or products,0.1414,-0.5185768340476105,2.0505346926382565e-07
gemma-scope-2b_L10_U10818_D3,gemma-scope-2b,10,10818,3,Locations or events connected to a specific proper noun,0.13765,-0.5190946982917614,1.5290433524980005e-07
gemma-scope-2b_L10_U10818_D4,gemma-scope-2b,10,10818,4,"Beginning of or ending of a sentence, paragraph, or list item",0.12995,-0.5201581816401702,8.295264065327832e-08
gemma-scope-2b_L10_U10818_D5,gemma-scope-2b,10,10818,5,Numbers or ranges of numbers,0.1254,-0.5207316575195662,5.746779777125845e-08
gemma-scope-2b_L10_U11970_D1,gemma-scope-2b,10,11970,1,Political discourse and policy related to government officials or political parties,0.7964000000000001,0.978835315452408,0.0012435894065901
gemma-scope-2b_L10_U11970_D2,gemma-scope-2b,10,11970,2,"Technical issues, risks, legal services, or business operations and development",0.536,-0.0557427192389268,0.6953021228738272
gemma-scope-2b_L10_U11970_D3,gemma-scope-2b,10,11970,3,"Qualities, characteristics, or features of products or designs that are suitable, beneficial, improve an aspect, or add to positive user experience",0.3903,-0.4341054347681342,0.2322353462932272
gemma-scope-2b_L10_U11970_D4,gemma-scope-2b,10,11970,4,"Actions and concepts related to careful consideration, thoughtful observation, and attentive listening, often within structured settings like museums, tours, or educational activities, with a focus on processing and interacting with information or experiences",0.3389,-0.5597976143549407,0.0793250394646292
gemma-scope-2b_L10_U11970_D5,gemma-scope-2b,10,11970,5,"Positive descriptions of amenities, products, or locations including size, quality, or monetary value",0.0818,-1.1240036496129937,5.2212461934088e-06
gemma-scope-2b_L10_U12045_D1,gemma-scope-2b,10,12045,1,"Totality, entirety, or all aspects of a situation, including points in time, circumstances, or manners of action",0.4644999999999999,-0.1812355575606857,0.6227104048690408
gemma-scope-2b_L10_U12045_D2,gemma-scope-2b,10,12045,2,"Relating to general or complete things, often in relation to initiation, repetition, or totality",0.4584,-0.2306046865944819,0.5641590881009477
gemma-scope-2b_L10_U12045_D3,gemma-scope-2b,10,12045,3,"Totality, completeness, or absoluteness",0.4043,-0.3570608971184812,0.1837729510245811
gemma-scope-2b_L10_U12045_D4,gemma-scope-2b,10,12045,4,"Totality, entirety, beginnings, or minimal amounts",0.363,-0.4178480582025719,0.0567010752303637
gemma-scope-2b_L10_U12045_D5,gemma-scope-2b,10,12045,5,"Totalities, majorities, or any amount of something, especially in the context of time or an activity",0.363,-0.4178480582025719,0.0567010752303637
gemma-scope-2b_L10_U13527_D1,gemma-scope-2b,10,13527,1,Beginning of text in relation to diverse scientific fields,0.18625,-1.3446516039603391,1.3821624995627391e-06
gemma-scope-2b_L10_U13527_D2,gemma-scope-2b,10,13527,2,Beginning of text related to reviews of products or services,0.1857,-1.3462192233391022,1.3246214085145271e-06
gemma-scope-2b_L10_U13527_D3,gemma-scope-2b,10,13527,3,The beginning of a text,0.18085,-1.36810627903879,9.07699940872918e-07
gemma-scope-2b_L10_U13527_D4,gemma-scope-2b,10,13527,4,The beginning of a text excerpt,0.18025,-1.3658720488265337,8.659098772188919e-07
gemma-scope-2b_L10_U13527_D5,gemma-scope-2b,10,13527,5,Beginning of text/document,0.1417,-1.5116877490528613,3.524795043345931e-08
gemma-scope-2b_L10_U15015_D1,gemma-scope-2b,10,15015,1,"The concept of being behind on current trends, or not up-to-date on information, especially relating to subscription services or new product features",0.9707,3.120042552369278,2.559384142424531e-09
gemma-scope-2b_L10_U15015_D2,gemma-scope-2b,10,15015,2,Locations or positions after or below something,0.8447,0.7953410641876622,1.2848098529780127e-05
gemma-scope-2b_L10_U15015_D3,gemma-scope-2b,10,15015,3,Locations relative to other objects/people,0.7971999999999999,0.9558423059491724,0.000166894371665
gemma-scope-2b_L10_U15015_D4,gemma-scope-2b,10,15015,4,"Trailing or succeeding concepts, typically related to religion, actions, or objects",0.4828,-0.0908730954475952,0.8271543736234339
gemma-scope-2b_L10_U15015_D5,gemma-scope-2b,10,15015,5,"The concept of support, backing, or responsibility, often in a spatial or causal sense",0.4482,-0.3889044176515445,0.5099744619614668
gemma-scope-2b_L10_U15418_D1,gemma-scope-2b,10,15418,1,"First-person plural references to providing a service or product, often expressing enthusiasm, welcoming customers, or offering assistance",0.9661,4.701743080617541,1.6252655171280625e-07
gemma-scope-2b_L10_U15418_D2,gemma-scope-2b,10,15418,2,"Expressions of gratitude, excitement, anticipation, and hope, especially in contexts related to personal interactions, assistance, or future events",0.9037,1.457116598817718,5.720078486332421e-06
gemma-scope-2b_L10_U15418_D3,gemma-scope-2b,10,15418,3,First-person plural references to the speaker/author and their services/goals/activities,0.8273,0.5228292528500393,0.0002352103068426
gemma-scope-2b_L10_U15418_D4,gemma-scope-2b,10,15418,4,First person plural pronoun related to services or products,0.4709,-0.0294682958117871,0.7440591468744101
gemma-scope-2b_L10_U15418_D5,gemma-scope-2b,10,15418,5,Beginnings of texts about fictional narratives,0.1295,-0.4750120060115227,3.136019801360052e-05
gemma-scope-2b_L20_U759_D1,gemma-scope-2b,20,759,1,Medical terms and biological processes,0.0,-2.398354664216737,2.7022553124304897e-08
gemma-scope-2b_L20_U759_D2,gemma-scope-2b,20,759,2,"Words related to accommodation, food, devices, and activities",0.0,-2.3509059525801246,2.7022594906528038e-08
gemma-scope-2b_L20_U759_D3,gemma-scope-2b,20,759,3,"Beginning of text, words related to fitness, strength, movement, design, pregnancy, legal terms, work, data, technology, and fortune",0.0,-2.3558142205435377,2.7022594906528038e-08
gemma-scope-2b_L20_U759_D4,gemma-scope-2b,20,759,4,"Themes of licensing, legality, finance, and strategy",0.0,-2.2725090625095428,2.70226027407009e-08
gemma-scope-2b_L20_U759_D5,gemma-scope-2b,20,759,5,"Skin, beauty, and personal care",0.0,-2.3247977991063613,2.7022579238187658e-08
gemma-scope-2b_L20_U1374_D1,gemma-scope-2b,20,1374,1,"Percentages, often related to financial or statistical contexts, such as royalty payments, unemployment and poverty rates, company stock changes, or sales and discounts",0.0,-0.7887584387913973,1.0811612970211331e-10
gemma-scope-2b_L20_U1374_D2,gemma-scope-2b,20,1374,2,"Numbers relating to percentages or shares of a total, often in financial or statistical contexts",0.0,-0.709917574639535,1.0811648780146149e-10
gemma-scope-2b_L20_U1374_D3,gemma-scope-2b,20,1374,3,"Numerical discounts, percentages, and related terms like ""off"", ""deal"", or ""save"", often appearing near monetary amounts",0.0,-0.7885912408366605,1.0811584699286201e-10
gemma-scope-2b_L20_U1374_D4,gemma-scope-2b,20,1374,4,"Numerical percentages related to finances, health, and other statistics",0.0,-0.7810777871679709,1.0811584699286201e-10
gemma-scope-2b_L20_U1374_D5,gemma-scope-2b,20,1374,5,"Numerical percentages related to finances, health, or statistics, often appearing in news articles or personal anecdotes",0.0,-0.7756718172552063,1.0811584699286201e-10
gemma-scope-2b_L20_U1478_D1,gemma-scope-2b,20,1478,1,"Combinations, distinctions, or comparisons between two entities or concepts, often related to types, states, or characteristics",0.0175,-1.0876256010654637,1.4692050881681196e-07
gemma-scope-2b_L20_U1478_D2,gemma-scope-2b,20,1478,2,"Options, choices, or alternatives between categories, groups, types, or sets of elements, sometimes involving a selection process",0.0175,-1.0876256010654637,1.4692050881681196e-07
gemma-scope-2b_L20_U1478_D3,gemma-scope-2b,20,1478,3,"Categories, types, or variations of something, often involving location, and sometimes involving a combination or interaction of elements",0.0175,-1.0876256010654637,1.4692050881681196e-07
gemma-scope-2b_L20_U1478_D4,gemma-scope-2b,20,1478,4,"Discernment between two contrasting abstract or concrete entities/qualities, sometimes involving choice or a mixture of both",0.0175,-1.0876256010654637,1.4692050881681196e-07
gemma-scope-2b_L20_U1478_D5,gemma-scope-2b,20,1478,5,"Conditional relationships, often contrasting two groups or characteristics, sometimes involving locations or events",0.0175,-1.0876256010654637,1.4692050881681196e-07
gemma-scope-2b_L20_U1615_D1,gemma-scope-2b,20,1615,1,"Beginning of text related to various topics such as cooking, minerals, teeth whitening, cars, fiber optics, electronics, computer drivers, car modifications, vehicles, beauty treatments, fish feeding, dumpsters, mattresses, smart watches, air purifiers, sports eyewear, roofing, SUVs, splashbacks and karaoke equipment",0.0,-11.93590429114868,1.276282370271366e-14
gemma-scope-2b_L20_U1615_D2,gemma-scope-2b,20,1615,2,"The beginning of various texts, as indicated by the <bos> token",0.0,-12.19376523980221,1.2762805725926163e-14
gemma-scope-2b_L20_U1615_D3,gemma-scope-2b,20,1615,3,"Beginning of text in a prompt-based interaction related to volunteering, business, finance, technology, education, or current events",0.0,-13.101826067995615,1.2762446195143687e-14
gemma-scope-2b_L20_U1615_D4,gemma-scope-2b,20,1615,4,Locations of events or businesses,0.0,-13.153841344486771,1.2762284409378814e-14
gemma-scope-2b_L20_U1615_D5,gemma-scope-2b,20,1615,5,"The beginning of various texts, often involving names of religious groups, people, or general concepts, sometimes related to Christianity or current events",0.0,-10.208790810957703,1.276281920851455e-14
gemma-scope-2b_L20_U1654_D1,gemma-scope-2b,20,1654,1,Years related to events or publications,0.6788,0.2149906674602827,5.4109197021948994e-09
gemma-scope-2b_L20_U1654_D2,gemma-scope-2b,20,1654,2,"Dates, often including day, month, and year, and software version numbers",0.6766,0.0626661602512339,8.301867049353855e-09
gemma-scope-2b_L20_U1654_D3,gemma-scope-2b,20,1654,3,Years in dates,0.6757,0.06362380911954,9.876404413669185e-09
gemma-scope-2b_L20_U1654_D4,gemma-scope-2b,20,1654,4,"Numbers, often relating to sizes or dates",0.5803999999999999,0.0475781682687659,0.0071516810925262
gemma-scope-2b_L20_U1654_D5,gemma-scope-2b,20,1654,5,Versions of programming languages/software,0.5791999999999999,0.0108527688312923,0.0080604341591102
gemma-scope-2b_L20_U1817_D1,gemma-scope-2b,20,1817,1,"Names, especially first names",0.8462000000000003,1.277495160097905,8.457488264281622e-06
gemma-scope-2b_L20_U1817_D2,gemma-scope-2b,20,1817,2,"Names, especially first names",0.8462000000000003,1.277495160097905,8.457488264281622e-06
gemma-scope-2b_L20_U1817_D3,gemma-scope-2b,20,1817,3,"Names, mostly of people",0.6424,0.143841028795068,0.0670482114906141
gemma-scope-2b_L20_U1817_D4,gemma-scope-2b,20,1817,4,Three-letter words or abbreviations,0.2043999999999999,-0.5524586389380827,0.0001433657243107
gemma-scope-2b_L20_U1817_D5,gemma-scope-2b,20,1817,5,Names of people and places,0.1027,-0.9019130470081363,3.2101397345249066e-07
gemma-scope-2b_L20_U3307_D1,gemma-scope-2b,20,3307,1,"Times of day, days of the week, or other recurring time periods",0.45815,-0.1706403065823854,0.4825631424592301
gemma-scope-2b_L20_U3307_D2,gemma-scope-2b,20,3307,2,Days of the week,0.4165,-0.1817839466804922,0.1599293338642092
gemma-scope-2b_L20_U3307_D3,gemma-scope-2b,20,3307,3,"Days of the week, parts of the day, or time-related words like ""week"" or ""weekend""",0.4165,-0.1817839466804922,0.1599293338642092
gemma-scope-2b_L20_U3307_D4,gemma-scope-2b,20,3307,4,"Days of the week, sometimes including parts of the day/date",0.4165,-0.1817839466804922,0.1599293338642092
gemma-scope-2b_L20_U3307_D5,gemma-scope-2b,20,3307,5,Days of the week and weekend,0.4165,-0.1817839466804922,0.1599293338642092
gemma-scope-2b_L20_U3429_D1,gemma-scope-2b,20,3429,1,"Time-related words and phrases, often within the context of simultaneous actions or events",0.2097,-0.5995283939924537,0.0014432695989284
gemma-scope-2b_L20_U3429_D2,gemma-scope-2b,20,3429,2,Situations involving waiting or occurring during other activities,0.1505999999999999,-0.7732162038940307,0.0001257938992099
gemma-scope-2b_L20_U3429_D3,gemma-scope-2b,20,3429,3,"Temporal words, often related to simultaneity, frequently in the context of personal activities or processes",0.144,-0.7898957209631683,9.345141268498876e-05
gemma-scope-2b_L20_U3429_D4,gemma-scope-2b,20,3429,4,"Temporal expressions relating to duration or simultaneity, often concerning health, technology, or sports.",0.1409,-0.779102859085698,8.10140948165871e-05
gemma-scope-2b_L20_U3429_D5,gemma-scope-2b,20,3429,5,"Durations or points in time, especially associated with conditional actions or states",0.12,-0.8040863679660945,3.030151449800234e-05
gemma-scope-2b_L20_U4356_D1,gemma-scope-2b,20,4356,1,"Concepts of personal accounts, location, editing, interruption or suspension, and numbers",0.48235,-0.1337993636253104,0.7365900005088271
gemma-scope-2b_L20_U4356_D2,gemma-scope-2b,20,4356,2,"Requests, resolutions, websites, opinions, things, world, life, high definition, charts, lanes, and washers",0.4385,-0.1377744653596941,0.2385598551518181
gemma-scope-2b_L20_U4356_D3,gemma-scope-2b,20,4356,3,"Software, updates, latest versions, errors, or online articles",0.4385,-0.1377744653596941,0.2385598551518181
gemma-scope-2b_L20_U4356_D4,gemma-scope-2b,20,4356,4,"Connections, beginnings, and new ventures",0.4385,-0.1377744653596941,0.2385598551518181
gemma-scope-2b_L20_U4356_D5,gemma-scope-2b,20,4356,5,"Items or products with descriptions, sometimes related to weapons, furniture, cars, electronics, recipes, themes, artwork, jewelry, makeup, or miscellaneous items, often containing bracketed names, locations, or specifications",0.4385,-0.1377744653596941,0.2385598551518181
gemma-scope-2b_L20_U4671_D1,gemma-scope-2b,20,4671,1,"Contexts relating to specific items or products, often in the form of descriptions, specifications, or sales information",0.0512,-1.9434631057262917,1.008166415792274e-06
gemma-scope-2b_L20_U4671_D2,gemma-scope-2b,20,4671,2,Locations and places,0.0,-2.0944182261379716,5.0949493653801065e-08
gemma-scope-2b_L20_U4671_D3,gemma-scope-2b,20,4671,3,"Definite article ""the"" preceding concepts of website content management, conscious skill, present moment, and months",0.0,-2.132396211702088,5.09491255234459e-08
gemma-scope-2b_L20_U4671_D4,gemma-scope-2b,20,4671,4,"Themes of framework, operational program, EU funding, and project implementation, especially in the context of health promotion, social programs, and education",0.0,-2.121395142603229,5.0949330040023704e-08
gemma-scope-2b_L20_U4671_D5,gemma-scope-2b,20,4671,5,"Travel, locations, and events, especially with details about time periods and geographical locations",0.0,-2.132396211702088,5.09491255234459e-08
gemma-scope-2b_L20_U6348_D1,gemma-scope-2b,20,6348,1,"Commercial or promotional codes, especially in the domains of mixed martial arts, software, and business",0.9745,1.1130492548801028,2.1616673687284576e-19
gemma-scope-2b_L20_U6348_D2,gemma-scope-2b,20,6348,2,"Attributes of apparel and accessories, often in combination with a specific activity or event",0.7628,-0.0104207815352819,4.668164563107523e-07
gemma-scope-2b_L20_U6348_D3,gemma-scope-2b,20,6348,3,"Days of the week, rounds in competitions, locations related to sports, and the word ""to""",0.7514,-0.060563531742968,1.4296663711221734e-06
gemma-scope-2b_L20_U6348_D4,gemma-scope-2b,20,6348,4,"Fighting competitions, combat sports, or related events",0.663,-0.075603713396619,0.0016449500792153
gemma-scope-2b_L20_U6348_D5,gemma-scope-2b,20,6348,5,"Sports, competition, and entertainment",0.5304,-0.1015982424310501,0.5533269691456397
gemma-scope-2b_L20_U7626_D1,gemma-scope-2b,20,7626,1,Product recalls and safety warnings,0.8132,-0.0899660187730705,1.8492730275822617e-05
gemma-scope-2b_L20_U7626_D2,gemma-scope-2b,20,7626,2,Events disrupted or canceled due to unforeseen circumstances,0.8089999999999999,-0.0984099532183584,2.3902820252046186e-05
gemma-scope-2b_L20_U7626_D3,gemma-scope-2b,20,7626,3,"Changes in business operations, including company name changes, software updates/discontinuation, and supply chain disruptions",0.8089999999999999,-0.0984163824080389,2.3902820252046186e-05
gemma-scope-2b_L20_U7626_D4,gemma-scope-2b,20,7626,4,"Locations, negative events, and consequences",0.8089999999999999,-0.0984011564540655,2.390281819481517e-05
gemma-scope-2b_L20_U7626_D5,gemma-scope-2b,20,7626,5,"Travel, transportation, events, schedules, and road conditions",0.8089999999999999,-0.0984673975179,2.390281819481517e-05
gemma-scope-2b_L20_U8980_D1,gemma-scope-2b,20,8980,1,"Numbers, especially 1 and 2, in the context of quantities of items or time durations",0.441,-0.3329865427295631,0.4077681244045673
gemma-scope-2b_L20_U8980_D2,gemma-scope-2b,20,8980,2,"Numbers, often single digits, in date-time stamps",0.40425,-0.3622638505844511,0.1783980099343197
gemma-scope-2b_L20_U8980_D3,gemma-scope-2b,20,8980,3,"Numbers, particularly years or ranks, appearing within content related to sports, politics, business, or personal narratives",0.40425,-0.3579856033406953,0.1783980099343197
gemma-scope-2b_L20_U8980_D4,gemma-scope-2b,20,8980,4,"Numbers, often single digits, within descriptive product texts, especially size or count information",0.3675,-0.3881291533825005,0.0621842129178241
gemma-scope-2b_L20_U8980_D5,gemma-scope-2b,20,8980,5,"Dates, times, and enumerations related to events, people, or locations",0.3675,-0.3881291533825005,0.0621842129178241
gemma-scope-2b_L20_U9859_D1,gemma-scope-2b,20,9859,1,"Events like showers, receptions, weddings, courses, discussions involving assessments of stances, parties, exhibitions, games, and festivals",0.3564999999999999,-0.1487981553397633,0.0670927752922119
gemma-scope-2b_L20_U9859_D2,gemma-scope-2b,20,9859,2,"Events, shows, and exhibitions",0.3196,-0.427160660326012,0.0213318951873388
gemma-scope-2b_L20_U9859_D3,gemma-scope-2b,20,9859,3,"Events, festivals, tournaments, ceremonies, and other planned occasions",0.2216999999999999,-0.6928031190381214,0.0003827624784746
gemma-scope-2b_L20_U9859_D4,gemma-scope-2b,20,9859,4,"Events, often including specific types like banquets, conventions, tournaments, summits, seminars, services, or festivals, sometimes with specific names and dates",0.206,-0.6558346006031226,0.0001753643454308
gemma-scope-2b_L20_U9859_D5,gemma-scope-2b,20,9859,5,"Formal gatherings including meals, meetings, forums, workshops, exhibitions, showcases, congresses, awards, and specific events like lectures or symposiums",0.1752,-0.7924491884291882,3.3946341502032405e-05
gemma-scope-2b_L20_U10433_D1,gemma-scope-2b,20,10433,1,"Animals, insects, and people, often related to work or homes",0.2515,-0.4489455274535908,0.0036877254748167
gemma-scope-2b_L20_U10433_D2,gemma-scope-2b,20,10433,2,"Female personal attributes, interests, or roles (often related to dogs or other animals)",0.2515,-0.4489455274535908,0.0036877254748167
gemma-scope-2b_L20_U10433_D3,gemma-scope-2b,20,10433,3,"Personal attributes, group affiliation, and relative clauses describing people",0.2515,-0.4489455274535908,0.0036877254748167
gemma-scope-2b_L20_U10433_D4,gemma-scope-2b,20,10433,4,"Body parts, people, and food/plants",0.2515,-0.4489455274535908,0.0036877254748167
gemma-scope-2b_L20_U10433_D5,gemma-scope-2b,20,10433,5,"Descriptions of people, often famous, and their actions or characteristics",0.2515,-0.4489455274535908,0.0036877254748167
gemma-scope-2b_L20_U11664_D1,gemma-scope-2b,20,11664,1,"Products or items with specifications or descriptions including materials, dimensions, and sometimes usage instructions",0.4955,-0.0671377987397194,0.7658208103784006
gemma-scope-2b_L20_U11664_D2,gemma-scope-2b,20,11664,2,"Software documentation, parameters, return values, comments, and descriptions",0.4955,-0.0671377987397194,0.7658208103784006
gemma-scope-2b_L20_U11664_D3,gemma-scope-2b,20,11664,3,Locations and events,0.4955,-0.0671377987397194,0.7658208103784006
gemma-scope-2b_L20_U11664_D4,gemma-scope-2b,20,11664,4,Descriptions of food preparation or recipes,0.4955,-0.0671377987397194,0.7658208103784006
gemma-scope-2b_L20_U11664_D5,gemma-scope-2b,20,11664,5,"Discussions of wealth, economic disparities, faith, and scientific theories, frequently referencing titles of books, movies, or teachings",0.4955,-0.0671377987397194,0.7658208103784006
gemma-scope-2b_L20_U13722_D1,gemma-scope-2b,20,13722,1,"Environmental topics, food, or product specifications with an emphasis on composition, origin, or usage instructions",0.2952,-0.2337629635439848,0.0241598960517514
gemma-scope-2b_L20_U13722_D2,gemma-scope-2b,20,13722,2,"Innovations in energy efficiency, particularly in green building materials and alternative energy solutions, such as solar panels and tidal/ocean currents, are described, alongside their certifications, applications, and benefits",0.1911,-0.3214212309338985,0.0006717421639304
gemma-scope-2b_L20_U13722_D3,gemma-scope-2b,20,13722,3,"Transportation, travel, products, and services related to methods, types, ease, and choices",0.1638,-0.3227524845349432,0.0002136253359986
gemma-scope-2b_L20_U13722_D4,gemma-scope-2b,20,13722,4,"Healthy food, environmentalism, or minimalist lifestyles",0.1365,-0.3236795582874779,6.229042694213682e-05
gemma-scope-2b_L20_U13722_D5,gemma-scope-2b,20,13722,5,"Investing in sustainable development, including environmental, social, and governance (ESG) factors, community development, and education, especially for women and girls",0.1365,-0.3236795582874779,6.229042694213682e-05
gemma-scope-2b_L20_U15565_D1,gemma-scope-2b,20,15565,1,Process or function related to a type or class,1.0,46.93735965599272,1.2165618684330218e-201
gemma-scope-2b_L20_U15565_D2,gemma-scope-2b,20,15565,2,"Discussions of financial matters and wealth disparity, along with sports news, religious faith, and personal reflections",1.0,46.97581209156437,1.2167633355998793e-201
gemma-scope-2b_L20_U15565_D3,gemma-scope-2b,20,15565,3,"Medical, scientific, or academic publications/research/studies",1.0,46.874952204917086,1.2167633355998793e-201
gemma-scope-2b_L20_U15565_D4,gemma-scope-2b,20,15565,4,Negation or absence of requirement,1.0,46.897742355294014,1.2167633355998793e-201
gemma-scope-2b_L20_U15565_D5,gemma-scope-2b,20,15565,5,Second person pronoun related to consumption or usage of something,1.0,46.92212528043651,1.2166625978654652e-201
gemma-scope-2b_L20_U15809_D1,gemma-scope-2b,20,15809,1,Questions and answers,0.3984999999999999,-0.2318043146421862,0.1143096016917422
gemma-scope-2b_L20_U15809_D2,gemma-scope-2b,20,15809,2,"Numbers, especially in the context of measurements and sizes",0.3984999999999999,-0.2318043146421862,0.1143096016917422
gemma-scope-2b_L20_U15809_D3,gemma-scope-2b,20,15809,3,"Tokens related to locations, times, and separators/conjunctions within text excerpts",0.3984999999999999,-0.2318043146421862,0.1143096016917422
gemma-scope-2b_L20_U15809_D4,gemma-scope-2b,20,15809,4,"Logical conjunctions and separators such as ""and"", ""or"", commas, periods, forward slashes, plus and equal signs",0.3984999999999999,-0.2318043146421862,0.1143096016917422
gemma-scope-2b_L20_U15809_D5,gemma-scope-2b,20,15809,5,"List separators, conjunctions, and/or prepositions",0.3984999999999999,-0.2318043146421862,0.1143096016917422
gemma-scope-2b_L20_U15942_D1,gemma-scope-2b,20,15942,1,"Liquid damage, unwanted substances, or security breaches in buildings or systems",0.71305,0.0326247525608179,0.011610848676518
gemma-scope-2b_L20_U15942_D2,gemma-scope-2b,20,15942,2,"Vehicular accidents, disasters, and dangerous situations",0.4858999999999999,-0.1394580808131633,0.8674489702663098
gemma-scope-2b_L20_U15942_D3,gemma-scope-2b,20,15942,3,"Medical devices, automotive parts, or industrial tools inserted into a body cavity or other object",0.4284999999999999,-0.2952665898204231,0.3960185966684291
gemma-scope-2b_L20_U15942_D4,gemma-scope-2b,20,15942,4,"Food preparation, consumption, ingredients, or tools",0.4274999999999999,-0.2593863637776267,0.3894406158438197
gemma-scope-2b_L20_U15942_D5,gemma-scope-2b,20,15942,5,"Animals escaping enclosures, specifically by jumping or walking through a damaged section",0.3368999999999999,-0.3530304931609408,0.0525153846088458
gpt2-small-sae_L0_U259_D1,gpt2-small-sae,0,259,1,Screen resolution or magnification,0.5,0.0,1.0
gpt2-small-sae_L0_U259_D2,gpt2-small-sae,0,259,2,Diseases and negative attributes,0.5,0.0,1.0
gpt2-small-sae_L0_U259_D3,gpt2-small-sae,0,259,3,Medical studies of the effects of various factors or substances on different types of cancer,0.5,0.0,1.0
gpt2-small-sae_L0_U259_D4,gpt2-small-sae,0,259,4,"Medical conditions, particularly a specific type of disease",0.5,0.0,1.0
gpt2-small-sae_L0_U259_D5,gpt2-small-sae,0,259,5,"Diseases, medical conditions, or health issues",0.5,0.0,1.0
gpt2-small-sae_L0_U2002_D1,gpt2-small-sae,0,2002,1,"Data storage, transfer, or management, often in relation to websites, software, or online platforms",0.54305,0.2536145883724486,0.0207048750533752
gpt2-small-sae_L0_U2002_D2,gpt2-small-sae,0,2002,2,Vehicle/passenger capacity,0.4935,-0.0836444669013948,0.7189082106886189
gpt2-small-sae_L0_U2002_D3,gpt2-small-sae,0,2002,3,Male names in the context of job titles/roles,0.4935,-0.0836444669013948,0.7189082106886189
gpt2-small-sae_L0_U2002_D4,gpt2-small-sae,0,2002,4,Allergy or living creatures,0.4935,-0.0836444669013948,0.7189082106886189
gpt2-small-sae_L0_U2002_D5,gpt2-small-sae,0,2002,5,"Homemade items, products, food, or creative works",0.4935,-0.0836444669013948,0.7189082106886189
gpt2-small-sae_L0_U2236_D1,gpt2-small-sae,0,2236,1,Number of days remaining in a year after Sundays are subtracted,0.53035,0.277960459391044,0.3398868011101493
gpt2-small-sae_L0_U2236_D2,gpt2-small-sae,0,2236,2,"Clothing, accessories, or cosmetic products with descriptions of their materials, features, or benefits",0.4795,-0.191261886158912,0.5146497754465963
gpt2-small-sae_L0_U2236_D3,gpt2-small-sae,0,2236,3,Dietary restrictions or medical conditions,0.4795,-0.191261886158912,0.5146497754465963
gpt2-small-sae_L0_U2236_D4,gpt2-small-sae,0,2236,4,"Disagreement, a type of insect, sporting event entry passes, or medical condition",0.4795,-0.191261886158912,0.5146497754465963
gpt2-small-sae_L0_U2236_D5,gpt2-small-sae,0,2236,5,"Political and social advocacy, particularly lobbying efforts and objections to policies related to women's health or religious freedom",0.4795,-0.191261886158912,0.5146497754465963
gpt2-small-sae_L0_U2332_D1,gpt2-small-sae,0,2332,1,"Concepts of counting, tallying, or enumeration, frequently appearing in the context of competitive games or conflict",0.5,0.0,1.0
gpt2-small-sae_L0_U2332_D2,gpt2-small-sae,0,2332,2,"Concepts of a counter or application, and sometimes air, in different contexts",0.5,0.0,1.0
gpt2-small-sae_L0_U2332_D3,gpt2-small-sae,0,2332,3,Air and applications,0.5,0.0,1.0
gpt2-small-sae_L0_U2332_D4,gpt2-small-sae,0,2332,4,"Software programs, web-based platforms, and formal requests related to job opportunities, educational programs, or financial aid",0.5,0.0,1.0
gpt2-small-sae_L0_U2332_D5,gpt2-small-sae,0,2332,5,"Flight, software applications, and panoramic views",0.5,0.0,1.0
gpt2-small-sae_L0_U3358_D1,gpt2-small-sae,0,3358,1,"Items or products and their descriptions including specifications, materials, and uses",0.5,0.0,1.0
gpt2-small-sae_L0_U3358_D2,gpt2-small-sae,0,3358,2,"IndyCar series or races, often with the word ""Indy"" highlighted",0.5,0.0,1.0
gpt2-small-sae_L0_U3358_D3,gpt2-small-sae,0,3358,3,New service/product offerings or marketing/promotion of existing services/products,0.5,0.0,1.0
gpt2-small-sae_L0_U3358_D4,gpt2-small-sae,0,3358,4,"Events or establishments, especially educational or recreational ones",0.5,0.0,1.0
gpt2-small-sae_L0_U3358_D5,gpt2-small-sae,0,3358,5,"Discussions of computer hardware, food recipes, restaurant reviews, software updates, personal anecdotes, or customer service interactions",0.5,0.0,1.0
gpt2-small-sae_L0_U5369_D1,gpt2-small-sae,0,5369,1,"Educational credentials, qualifications or level of skill",0.5,0.0,1.0
gpt2-small-sae_L0_U5369_D2,gpt2-small-sae,0,5369,2,"Academic degrees, especially at the graduate level",0.5,0.0,1.0
gpt2-small-sae_L0_U5369_D3,gpt2-small-sae,0,5369,3,"Academic degrees (master's, bachelor's, PhD)",0.5,0.0,1.0
gpt2-small-sae_L0_U5369_D4,gpt2-small-sae,0,5369,4,"Academic degrees, primarily Master's degrees, sometimes Bachelor's or PhDs, and occasionally the general concept of academic degrees",0.5,0.0,1.0
gpt2-small-sae_L0_U5369_D5,gpt2-small-sae,0,5369,5,"Academic degrees, prestigious tournaments, luxury accommodations, skilled professionals, or exceptional experiences",0.5,0.0,1.0
gpt2-small-sae_L0_U8966_D1,gpt2-small-sae,0,8966,1,Retail business models,0.5,0.0,1.0
gpt2-small-sae_L0_U8966_D2,gpt2-small-sae,0,8966,2,"The substring ""mer"" appearing as part of the word Bremerton, a city in Washington State",0.5,0.0,1.0
gpt2-small-sae_L0_U8966_D3,gpt2-small-sae,0,8966,3,A musician or musical group's name,0.5,0.0,1.0
gpt2-small-sae_L0_U8966_D4,gpt2-small-sae,0,8966,4,Occupations or roles related to water,0.5,0.0,1.0
gpt2-small-sae_L0_U8966_D5,gpt2-small-sae,0,8966,5,"Publication details, often including author, title, date, and publisher/journal",0.5,0.0,1.0
gpt2-small-sae_L0_U9661_D1,gpt2-small-sae,0,9661,1,Data/internet service plan offerings,0.5,0.0,1.0
gpt2-small-sae_L0_U9661_D2,gpt2-small-sae,0,9661,2,Business competitors/competition,0.5,0.0,1.0
gpt2-small-sae_L0_U9661_D3,gpt2-small-sae,0,9661,3,Competition between entities/products,0.5,0.0,1.0
gpt2-small-sae_L0_U9661_D4,gpt2-small-sae,0,9661,4,Competitors/competition,0.5,0.0,1.0
gpt2-small-sae_L0_U9661_D5,gpt2-small-sae,0,9661,5,"Tropical drinks, Alaskan rivers, or cooking",0.5,0.0,1.0
gpt2-small-sae_L0_U10233_D1,gpt2-small-sae,0,10233,1,"Text editing, looking for something, or soliciting something",0.5,0.0,1.0
gpt2-small-sae_L0_U10233_D2,gpt2-small-sae,0,10233,2,"Requesting, searching for, or providing help, often medical or financial, by an individual or organization",0.5,0.0,1.0
gpt2-small-sae_L0_U10233_D3,gpt2-small-sae,0,10233,3,"Requesting, searching for, or looking for something, especially services like legal or insurance, or items like quotes or properties",0.5,0.0,1.0
gpt2-small-sae_L0_U10233_D4,gpt2-small-sae,0,10233,4,"Tools/software, specifically an editor",0.5,0.0,1.0
gpt2-small-sae_L0_U10233_D5,gpt2-small-sae,0,10233,5,"Looking for, searching, or requesting something, often professional help or advice",0.5,0.0,1.0
gpt2-small-sae_L0_U10917_D1,gpt2-small-sae,0,10917,1,"Places of social gathering or consumption, often related to intoxication or close relationships",0.5,0.0,1.0
gpt2-small-sae_L0_U10917_D2,gpt2-small-sae,0,10917,2,Alcoholic beverages and mixed drinks,0.5,0.0,1.0
gpt2-small-sae_L0_U10917_D3,gpt2-small-sae,0,10917,3,"Themes of close relationships, entertainment, and places where social interaction occurs",0.5,0.0,1.0
gpt2-small-sae_L0_U10917_D4,gpt2-small-sae,0,10917,4,"Nightlife, entertainment, or alcohol-serving establishments, often related to LGBTQ+ community",0.5,0.0,1.0
gpt2-small-sae_L0_U10917_D5,gpt2-small-sae,0,10917,5,"The highlighted words relate to intoxicants, particularly alcoholic beverages, and their consumption, sometimes in problematic contexts like during pregnancy or driving under the influence, and sometimes in the context of public health measures like mandatory warning labels or industry resistance to such regulations",0.5,0.0,1.0
gpt2-small-sae_L0_U13767_D1,gpt2-small-sae,0,13767,1,"Events, classes, or establishments with schedules, times, dates, costs, or locations",0.5,0.0,1.0
gpt2-small-sae_L0_U13767_D2,gpt2-small-sae,0,13767,2,Strong opinions or demands,0.5,0.0,1.0
gpt2-small-sae_L0_U13767_D3,gpt2-small-sae,0,13767,3,"Website/software features, functionalities, services, and businesses, especially related to online businesses, e-commerce, or website development",0.5,0.0,1.0
gpt2-small-sae_L0_U13767_D4,gpt2-small-sae,0,13767,4,"A discussion of product features or specifications, often in a comparative context",0.5,0.0,1.0
gpt2-small-sae_L0_U13767_D5,gpt2-small-sae,0,13767,5,Negative customer feedback about products,0.5,0.0,1.0
gpt2-small-sae_L0_U14315_D1,gpt2-small-sae,0,14315,1,"Visual art, including creating drawings, displaying them in a room, and showcasing them in exhibitions",0.5,0.0,1.0
gpt2-small-sae_L0_U14315_D2,gpt2-small-sae,0,14315,2,"Events like meetings, conferences, exhibitions, and presentations",0.5,0.0,1.0
gpt2-small-sae_L0_U14315_D3,gpt2-small-sae,0,14315,3,"Events, particularly conferences and exhibitions, and their related activities, like presentations or drawing board displays",0.5,0.0,1.0
gpt2-small-sae_L0_U14315_D4,gpt2-small-sae,0,14315,4,"Formal gatherings, often related to government or business, such as meetings, conferences, and hearings",0.5,0.0,1.0
gpt2-small-sae_L0_U14315_D5,gpt2-small-sae,0,14315,5,"Formal or informal gatherings, including conferences, meetings, exhibitions, hearings, presentations and exhibits",0.5,0.0,1.0
gpt2-small-sae_L0_U16192_D1,gpt2-small-sae,0,16192,1,"Software updates, adjustments, or repairs",0.5,0.0,1.0
gpt2-small-sae_L0_U16192_D2,gpt2-small-sae,0,16192,2,"Positions, stances, or situations",0.5,0.0,1.0
gpt2-small-sae_L0_U16192_D3,gpt2-small-sae,0,16192,3,"Locations related to food service, lodging, or entertainment and the ability to travel to or within them, especially by methods of self-propulsion",0.5,0.0,1.0
gpt2-small-sae_L0_U16192_D4,gpt2-small-sae,0,16192,4,"Modes of locomotion, especially flying and standing",0.5,0.0,1.0
gpt2-small-sae_L0_U16192_D5,gpt2-small-sae,0,16192,5,Inability to tolerate something,0.5,0.0,1.0
gpt2-small-sae_L0_U18124_D1,gpt2-small-sae,0,18124,1,Locations or establishments and their descriptions or attributes,0.492,-0.1003564941974249,0.6888095932481814
gpt2-small-sae_L0_U18124_D2,gpt2-small-sae,0,18124,2,"Website/software development, marketing, and financial services/products",0.492,-0.1003564941974249,0.6888095932481814
gpt2-small-sae_L0_U18124_D3,gpt2-small-sae,0,18124,3,"Attributes of products related to materials, sizes/dimensions, and/or color",0.492,-0.1003564941974249,0.6888095932481814
gpt2-small-sae_L0_U18124_D4,gpt2-small-sae,0,18124,4,"Culinary experiences, including cooking, eating, and describing food and meals",0.492,-0.1003564941974249,0.6888095932481814
gpt2-small-sae_L0_U18124_D5,gpt2-small-sae,0,18124,5,"Religious texts, specifically the Gospels, and their historical and societal context",0.492,-0.1003564941974249,0.6888095932481814
gpt2-small-sae_L0_U28565_D1,gpt2-small-sae,0,28565,1,Female first names in close proximity to last names,0.5,0.0,1.0
gpt2-small-sae_L0_U28565_D2,gpt2-small-sae,0,28565,2,"Japanese teriyaki chicken, a type of sedan, art pieces featuring wood, sugary food/drinks, gameplay mechanics, leggings, plumbing services, file names of furniture images",0.5,0.0,1.0
gpt2-small-sae_L0_U28565_D3,gpt2-small-sae,0,28565,3,Proper names of people and software in different professional contexts,0.5,0.0,1.0
gpt2-small-sae_L0_U28565_D4,gpt2-small-sae,0,28565,4,Personal names in context of personal stories or anecdotes,0.5,0.0,1.0
gpt2-small-sae_L0_U28565_D5,gpt2-small-sae,0,28565,5,Proper names of people and locations,0.5,0.0,1.0
gpt2-small-sae_L0_U28810_D1,gpt2-small-sae,0,28810,1,"Food recalls due to bacterial contamination, specifically Listeria",0.5,0.0,1.0
gpt2-small-sae_L0_U28810_D2,gpt2-small-sae,0,28810,2,Fertilizer costs and ministers,0.5,0.0,1.0
gpt2-small-sae_L0_U28810_D3,gpt2-small-sae,0,28810,3,governmental organizations or institutions,0.5,0.0,1.0
gpt2-small-sae_L0_U28810_D4,gpt2-small-sae,0,28810,4,"Events, festivals, classes, and services offered in a specific location",0.5,0.0,1.0
gpt2-small-sae_L0_U28810_D5,gpt2-small-sae,0,28810,5,"Countries/regions (Switzerland, Holland, US, Costa Rica)",0.5,0.0,1.0
gpt2-small-sae_L0_U29332_D1,gpt2-small-sae,0,29332,1,"Vouchers, discounts, or bargains",0.6562,0.7026121708837503,0.0009247134780334
gpt2-small-sae_L0_U29332_D2,gpt2-small-sae,0,29332,2,A feeling of incompleteness or something missing,0.5599,0.4547769335864712,0.200027339545401
gpt2-small-sae_L0_U29332_D3,gpt2-small-sae,0,29332,3,"Products or items with specific characteristics, including materials, dimensions, and functionalities",0.5062000000000001,0.0520668959806315,0.8947439065143774
gpt2-small-sae_L0_U29332_D4,gpt2-small-sae,0,29332,4,"Hib vaccine, investor-owned utilities, couples counselling, weak economy/immune system, HARPO fellowship, outage",0.5039000000000001,-0.0031115053542063,0.9339911629929954
gpt2-small-sae_L0_U29332_D5,gpt2-small-sae,0,29332,5,Gift vouchers or similar financial instruments,0.5034000000000001,-0.0216269004891625,0.942547800860538
gpt2-small-sae_L0_U29707_D1,gpt2-small-sae,0,29707,1,"Culinary experiences, including classes, restaurants, and specific dishes",0.5,0.0,1.0
gpt2-small-sae_L0_U29707_D2,gpt2-small-sae,0,29707,2,Products or services with specific attributes or features,0.5,0.0,1.0
gpt2-small-sae_L0_U29707_D3,gpt2-small-sae,0,29707,3,Managerial roles and responsibilities over personnel,0.5,0.0,1.0
gpt2-small-sae_L0_U29707_D4,gpt2-small-sae,0,29707,4,"Discussions of financial disparity, movie trailers revealing plot details, school autonomy protests, children separated from families at borders, popularity of mobile games, financial disputes within a sports club, impressive physical attributes of a wide receiver prospect, book recommendations and author biographies, sports game summaries, accomplishments of an artist, discussion of the UN Security Council, incentives offered to a large corporation, experiences of a woman after surgery, girl child education and women empowerment, a film commission president's career, and a critique of a celebrity's role in the transgender community",0.5,0.0,1.0
gpt2-small-sae_L0_U29707_D5,gpt2-small-sae,0,29707,5,"Computer-related problems and solutions, website and blog creation and management, food and cooking, and hobbies and interests",0.5,0.0,1.0
gpt2-small-sae_L0_U32439_D1,gpt2-small-sae,0,32439,1,Commercial activity,0.5,0.0,1.0
gpt2-small-sae_L0_U32439_D2,gpt2-small-sae,0,32439,2,Finance and economics,0.5,0.0,1.0
gpt2-small-sae_L0_U32439_D3,gpt2-small-sae,0,32439,3,"Creation, generation, production, or design",0.5,0.0,1.0
gpt2-small-sae_L0_U32439_D4,gpt2-small-sae,0,32439,4,"Content related to the Wordpress platform, possibly focusing on its usage, features, and user groups",0.5,0.0,1.0
gpt2-small-sae_L0_U32439_D5,gpt2-small-sae,0,32439,5,"Food, specifically butternut squash, savory dishes, and fashion designers",0.5,0.0,1.0
gpt2-small-sae_L5_U288_D1,gpt2-small-sae,5,288,1,Relating to the beginning section of a piece of writing,0.5854999999999999,0.6562568613286717,0.0010627141267534
gpt2-small-sae_L5_U288_D2,gpt2-small-sae,5,288,2,"A list of events, performers, products, or sports teams",0.536,0.2379658430637997,0.1609974353166292
gpt2-small-sae_L5_U288_D3,gpt2-small-sae,5,288,3,"Help, support, or assistance services",0.487,-0.1536440593893065,0.6070460330118466
gpt2-small-sae_L5_U288_D4,gpt2-small-sae,5,288,4,Lists of available products or features,0.487,-0.1536440593893065,0.6070460330118466
gpt2-small-sae_L5_U288_D5,gpt2-small-sae,5,288,5,Lines of credit/financing,0.487,-0.1536440593893065,0.6070460330118466
gpt2-small-sae_L5_U330_D1,gpt2-small-sae,5,330,1,Origin or source,0.4995,-0.0316227787433507,0.9282872148296558
gpt2-small-sae_L5_U330_D2,gpt2-small-sae,5,330,2,Origin or source,0.4995,-0.0316227787433507,0.9282872148296558
gpt2-small-sae_L5_U330_D3,gpt2-small-sae,5,330,3,"Origin, source, or provenance",0.4995,-0.0316227787433507,0.9282872148296558
gpt2-small-sae_L5_U330_D4,gpt2-small-sae,5,330,4,Origin or source,0.4995,-0.0316227787433507,0.9282872148296558
gpt2-small-sae_L5_U330_D5,gpt2-small-sae,5,330,5,Origin or source,0.4995,-0.0316227787433507,0.9282872148296558
gpt2-small-sae_L5_U966_D1,gpt2-small-sae,5,966,1,"Giveaway, donation request, advertisement, or sharing information, related to a link or media",0.5,0.0,1.0
gpt2-small-sae_L5_U966_D2,gpt2-small-sae,5,966,2,"A preposition or comma, succeeding company subsidiaries/branches, within descriptions of company structure/operations",0.5,0.0,1.0
gpt2-small-sae_L5_U966_D3,gpt2-small-sae,5,966,3,"First person perspective descriptions of actions, often followed by explanations or justifications",0.5,0.0,1.0
gpt2-small-sae_L5_U966_D4,gpt2-small-sae,5,966,4,"Numbers, often related to financial figures or counts, in contexts such as media impact, scholarships, and sports events",0.5,0.0,1.0
gpt2-small-sae_L5_U966_D5,gpt2-small-sae,5,966,5,"Connecting words related to locations, actions, or events",0.5,0.0,1.0
gpt2-small-sae_L5_U7238_D1,gpt2-small-sae,5,7238,1,Medical or pharmaceutical treatments/procedures/drugs,0.5,0.0,1.0
gpt2-small-sae_L5_U7238_D2,gpt2-small-sae,5,7238,2,"Titles of movies, TV shows, video games, or books",0.5,0.0,1.0
gpt2-small-sae_L5_U7238_D3,gpt2-small-sae,5,7238,3,"Computer/IT skills, software, or computer programs, often in a business/professional/marketing/sales context",0.5,0.0,1.0
gpt2-small-sae_L5_U7238_D4,gpt2-small-sae,5,7238,4,Food contamination with Listeria,0.5,0.0,1.0
gpt2-small-sae_L5_U7238_D5,gpt2-small-sae,5,7238,5,"Intense heat, voter rolls, or a person named Lev/Levison",0.5,0.0,1.0
gpt2-small-sae_L5_U16103_D1,gpt2-small-sae,5,16103,1,Commercial services or products offered and advertised,0.5,0.0,1.0
gpt2-small-sae_L5_U16103_D2,gpt2-small-sae,5,16103,2,"Discussions of religion, spirituality, or philosophy, often with mentions of specific religious figures, concepts, or texts",0.5,0.0,1.0
gpt2-small-sae_L5_U16103_D3,gpt2-small-sae,5,16103,3,Products or services and their associated companies or brands,0.5,0.0,1.0
gpt2-small-sae_L5_U16103_D4,gpt2-small-sae,5,16103,4,"Discussions of beauty products, food and recipes, or events",0.5,0.0,1.0
gpt2-small-sae_L5_U16103_D5,gpt2-small-sae,5,16103,5,Locations offering services or events,0.5,0.0,1.0
gpt2-small-sae_L5_U16512_D1,gpt2-small-sae,5,16512,1,Computer hardware and software specifications,0.495,-0.0964033813557167,0.7531671195040612
gpt2-small-sae_L5_U16512_D2,gpt2-small-sae,5,16512,2,"A periodical publication, or a problem/controversy",0.495,-0.0964033813557167,0.7531671195040612
gpt2-small-sae_L5_U16512_D3,gpt2-small-sae,5,16512,3,"Facial features, societal problems, and printed publications",0.495,-0.0964033813557167,0.7531671195040612
gpt2-small-sae_L5_U16512_D4,gpt2-small-sae,5,16512,4,"A periodical publication, often a magazine, and a problem or topic of concern related to it",0.495,-0.0964033813557167,0.7531671195040612
gpt2-small-sae_L5_U16512_D5,gpt2-small-sae,5,16512,5,Periodical publications or collected works,0.495,-0.0964033813557167,0.7531671195040612
gpt2-small-sae_L5_U16554_D1,gpt2-small-sae,5,16554,1,"Positive events, personal experiences, or proper nouns related to entertainment, sports, or news",0.4835,-0.1487915340019787,0.5606258462719326
gpt2-small-sae_L5_U16554_D2,gpt2-small-sae,5,16554,2,"Numbers, business, and technical concepts",0.4835,-0.1487915340019787,0.5606258462719326
gpt2-small-sae_L5_U16554_D3,gpt2-small-sae,5,16554,3,"Locations, proper nouns, and numbers related to places, events, or entities",0.4835,-0.1487915340019787,0.5606258462719326
gpt2-small-sae_L5_U16554_D4,gpt2-small-sae,5,16554,4,"Video file sharing, software, or online services related to media, including video resolution, file formats, platforms, and user experience",0.4835,-0.1487915340019787,0.5606258462719326
gpt2-small-sae_L5_U16554_D5,gpt2-small-sae,5,16554,5,"Products and services related to pet care, home improvement, electronics, and computing",0.4835,-0.1487915340019787,0.5606258462719326
gpt2-small-sae_L5_U16845_D1,gpt2-small-sae,5,16845,1,"Instructions related to food preparation, especially baking or chilling in a refrigerator, sometimes followed by serving instructions",0.5983999999999999,0.9043896865995156,1.2060171387511021e-18
gpt2-small-sae_L5_U16845_D2,gpt2-small-sae,5,16845,2,"A mention of a quantity, often implicitly a number, in square brackets, usually after the word ""for"" or ""of""",0.4985,-0.0412420436167973,0.8668999038035439
gpt2-small-sae_L5_U16845_D3,gpt2-small-sae,5,16845,3,Locations for additional information,0.4985,-0.0412420436167973,0.8668999038035439
gpt2-small-sae_L5_U16845_D4,gpt2-small-sae,5,16845,4,Website or online platform functionalities,0.4985,-0.0412420436167973,0.8668999038035439
gpt2-small-sae_L5_U16845_D5,gpt2-small-sae,5,16845,5,"Names, punctuation marks, and specifically the tokens ""sh"", ""!"", """""", "")"", and a newline character",0.4985,-0.0412420436167973,0.8668999038035439
gpt2-small-sae_L5_U17724_D1,gpt2-small-sae,5,17724,1,"Confirmation or guarantee of a place, position, or resource",0.4995,-0.0316227774736416,0.9282872148296558
gpt2-small-sae_L5_U17724_D2,gpt2-small-sae,5,17724,2,"Gaining, achieving, or obtaining something",0.4995,-0.0316227774736416,0.9282872148296558
gpt2-small-sae_L5_U17724_D3,gpt2-small-sae,5,17724,3,Fastening or joining objects securely,0.4995,-0.0316227774736416,0.9282872148296558
gpt2-small-sae_L5_U17724_D4,gpt2-small-sae,5,17724,4,"Finance, security, healthcare, and business-related contexts describing methods of achieving, maintaining, or improving security or stability",0.4995,-0.0316227774736416,0.9282872148296558
gpt2-small-sae_L5_U17724_D5,gpt2-small-sae,5,17724,5,"Processes, actions, or states related to making something certain, definite, or closed",0.4995,-0.0316227774736416,0.9282872148296558
gpt2-small-sae_L5_U17855_D1,gpt2-small-sae,5,17855,1,Global locations/events,0.5,0.0,1.0
gpt2-small-sae_L5_U17855_D2,gpt2-small-sae,5,17855,2,"Globally related concepts, frequently within the context of games, historical education, or culinary practices",0.5,0.0,1.0
gpt2-small-sae_L5_U17855_D3,gpt2-small-sae,5,17855,3,Global events or locations,0.5,0.0,1.0
gpt2-small-sae_L5_U17855_D4,gpt2-small-sae,5,17855,4,"A discussion of the World Trade Center, global affairs, or the world in general",0.5,0.0,1.0
gpt2-small-sae_L5_U17855_D5,gpt2-small-sae,5,17855,5,Discussions of the World Wide Web,0.5,0.0,1.0
gpt2-small-sae_L5_U22011_D1,gpt2-small-sae,5,22011,1,"Software, tools, and resources for creating and managing websites and other digital content",0.4705,-0.2318734286253843,0.4298937584182839
gpt2-small-sae_L5_U22011_D2,gpt2-small-sae,5,22011,2,Competitive performance or ranking against opponents,0.4705,-0.2318734286253843,0.4298937584182839
gpt2-small-sae_L5_U22011_D3,gpt2-small-sae,5,22011,3,Sports competitions against an opponent,0.4705,-0.2318734286253843,0.4298937584182839
gpt2-small-sae_L5_U22011_D4,gpt2-small-sae,5,22011,4,"Competitive situations, often sports or games, with emphasis on positions and actions taken by a team or individual player",0.4705,-0.2318734286253843,0.4298937584182839
gpt2-small-sae_L5_U22011_D5,gpt2-small-sae,5,22011,5,Products or items with specific measurements or dimensions,0.4705,-0.2318734286253843,0.4298937584182839
gpt2-small-sae_L5_U24156_D1,gpt2-small-sae,5,24156,1,"Positive qualities of places, often related to travel or leisure",0.4975,-0.0598103408193648,0.8262064843112343
gpt2-small-sae_L5_U24156_D2,gpt2-small-sae,5,24156,2,"Attributes of places, events, or situations that describe a high degree of activity, competitiveness, or intensity",0.4975,-0.0598103408193648,0.8262064843112343
gpt2-small-sae_L5_U24156_D3,gpt2-small-sae,5,24156,3,"Qualities of a place, event, or time",0.4975,-0.0598103408193648,0.8262064843112343
gpt2-small-sae_L5_U24156_D4,gpt2-small-sae,5,24156,4,"Sensory descriptions of states, objects, or environments",0.4975,-0.0598103408193648,0.8262064843112343
gpt2-small-sae_L5_U24156_D5,gpt2-small-sae,5,24156,5,"Adjectives describing places or situations, often related to a feeling or quality of the environment or ambiance",0.4975,-0.0598103408193648,0.8262064843112343
gpt2-small-sae_L5_U25929_D1,gpt2-small-sae,5,25929,1,Attributes or qualities of something,0.7412000000000001,0.3636036106384936,0.0015549724646194
gpt2-small-sae_L5_U25929_D2,gpt2-small-sae,5,25929,2,Membership within a group,0.619,0.3872175583708525,0.1174757792709157
gpt2-small-sae_L5_U25929_D3,gpt2-small-sae,5,25929,3,"Belonging, origins, sources, or components",0.5359999999999999,-0.027685209523813,0.6357848288069516
gpt2-small-sae_L5_U25929_D4,gpt2-small-sae,5,25929,4,"Partitive constructions, especially those relating to parts of a whole or a quantity of something",0.5160999999999999,-0.1412353566492907,0.8325435169755703
gpt2-small-sae_L5_U25929_D5,gpt2-small-sae,5,25929,5,Relating to services for homes or properties,0.492,0.0202204199824737,0.916504292783744
gpt2-small-sae_L5_U26939_D1,gpt2-small-sae,5,26939,1,"Conjunctions, abbreviations, and fragments of names related to people, media, locations, and organizations",0.5428,-0.0333795771785537,0.3751566909067341
gpt2-small-sae_L5_U26939_D2,gpt2-small-sae,5,26939,2,"Conjunctions, numbers, punctuation, and abbreviations in software and hardware documentation, gaming, and news articles",0.4495,-0.2374179809750946,0.2910487353169162
gpt2-small-sae_L5_U26939_D3,gpt2-small-sae,5,26939,3,Medical and/or chemical terms in the context of product descriptions or technical documentation,0.4495,-0.2374179809750946,0.2910487353169162
gpt2-small-sae_L5_U26939_D4,gpt2-small-sae,5,26939,4,"Locations, places, or points of interest",0.4495,-0.2374179809750946,0.2910487353169162
gpt2-small-sae_L5_U26939_D5,gpt2-small-sae,5,26939,5,"Lists, enumerations, or options connected by conjunctions, commas, or prepositions",0.4495,-0.2374179809750946,0.2910487353169162
gpt2-small-sae_L5_U28227_D1,gpt2-small-sae,5,28227,1,Quantifiable attributes of things,0.499,-0.0425372135134792,0.8930729598349715
gpt2-small-sae_L5_U28227_D2,gpt2-small-sae,5,28227,2,"Quantities related to measurements of various statistics, including prices, costs, rates, levels, amounts, numbers, and performance",0.499,-0.0425372135134792,0.8930729598349715
gpt2-small-sae_L5_U28227_D3,gpt2-small-sae,5,28227,3,"Metrics like cost, points, grade, rank, level, price, traffic, clicks, popularity, and other quantifiable measurements of value or status",0.499,-0.0425372135134792,0.8930729598349715
gpt2-small-sae_L5_U28227_D4,gpt2-small-sae,5,28227,4,"Properties and attributes of products, including material, chemical composition, color, size, strength, cost, and performance",0.499,-0.0425372135134792,0.8930729598349715
gpt2-small-sae_L5_U28227_D5,gpt2-small-sae,5,28227,5,"Financial metrics such as amounts, costs, rates, prices, returns, and values, often related to commodities, salaries, wages, or premiums",0.499,-0.0425372135134792,0.8930729598349715
gpt2-small-sae_L5_U28452_D1,gpt2-small-sae,5,28452,1,"Events, services, or items described as exceptional or noteworthy, often within the context of formal occasions, celebrations, or specific offerings",0.4815,-0.1561311010627397,0.5368328149755222
gpt2-small-sae_L5_U28452_D2,gpt2-small-sae,5,28452,2,Areas of expertise or specific fields of focus,0.4815,-0.1561311010627397,0.5368328149755222
gpt2-small-sae_L5_U28452_D3,gpt2-small-sae,5,28452,3,"Unique or notable items, events, or editions, sometimes related to holidays, hand-crafted items, or specific functionalities",0.4815,-0.1561311010627397,0.5368328149755222
gpt2-small-sae_L5_U28452_D4,gpt2-small-sae,5,28452,4,"Unique or enhanced characteristics, features, products, or services",0.4815,-0.1561311010627397,0.5368328149755222
gpt2-small-sae_L5_U28452_D5,gpt2-small-sae,5,28452,5,"Mentions of a special counsel, special education, special economic zone, a special classic movie, special thanks, a special advisor, a special abbreviated edition, a special poem, an event of special interest, something special, various specialists, or simply something special",0.4815,-0.1561311010627397,0.5368328149755222
gpt2-small-sae_L5_U28636_D1,gpt2-small-sae,5,28636,1,"Locations, often with specific details like addresses, coordinates, or names of establishments",0.4775,-0.2015377080197431,0.4938601417411973
gpt2-small-sae_L5_U28636_D2,gpt2-small-sae,5,28636,2,Online forum discussions,0.4775,-0.2015377080197431,0.4938601417411973
gpt2-small-sae_L5_U28636_D3,gpt2-small-sae,5,28636,3,"Tax obligations related to real estate transactions involving non-resident sellers, specifically the buyer's responsibility to withhold and remit a percentage of the sale price to tax authorities",0.4775,-0.2015377080197431,0.4938601417411973
gpt2-small-sae_L5_U28636_D4,gpt2-small-sae,5,28636,4,"Discussions of financial or social disparities, sometimes involving specific groups or individuals",0.4775,-0.2015377080197431,0.4938601417411973
gpt2-small-sae_L5_U28636_D5,gpt2-small-sae,5,28636,5,"Discussions of computer hardware and software, website creation and management, recipes, personal anecdotes and hobbies, product reviews, and summaries of events",0.4775,-0.2015377080197431,0.4938601417411973
gpt2-small-sae_L5_U30319_D1,gpt2-small-sae,5,30319,1,Asthma medication quick-relief,0.4835,-0.1250618927785051,0.5606258462719326
gpt2-small-sae_L5_U30319_D2,gpt2-small-sae,5,30319,2,"Personal names in various contexts, such as memorials, obituaries, historical accounts, news reports, and discussions of art and business",0.4835,-0.1250618927785051,0.5606258462719326
gpt2-small-sae_L5_U30319_D3,gpt2-small-sae,5,30319,3,A person named Fei appearing in a conversational context,0.4835,-0.1250618927785051,0.5606258462719326
gpt2-small-sae_L5_U30319_D4,gpt2-small-sae,5,30319,4,"Personal and business names, often related to legal contexts, finance, or loyalty programs",0.4835,-0.1250618927785051,0.5606258462719326
gpt2-small-sae_L5_U30319_D5,gpt2-small-sae,5,30319,5,"A type of artwork or design featuring a raised floral pattern, often mentioned alongside  a brand name",0.4835,-0.1250618927785051,0.5606258462719326
gpt2-small-sae_L5_U31286_D1,gpt2-small-sae,5,31286,1,"Second-person pronouns in instructional or user-manual style texts, frequently appearing in contexts involving explanations of processes, tools, or options available to the reader",0.5,0.0,1.0
gpt2-small-sae_L5_U31286_D2,gpt2-small-sae,5,31286,2,Second-person pronoun references in varied contexts,0.5,0.0,1.0
gpt2-small-sae_L5_U31286_D3,gpt2-small-sae,5,31286,3,Second person pronoun references in sales or promotional texts,0.5,0.0,1.0
gpt2-small-sae_L5_U31286_D4,gpt2-small-sae,5,31286,4,Second-person pronouns in varied contexts,0.5,0.0,1.0
gpt2-small-sae_L5_U31286_D5,gpt2-small-sae,5,31286,5,"Second-person personal pronouns, often in the context of providing information or instructions to the user",0.5,0.0,1.0
gpt2-small-sae_L5_U32177_D1,gpt2-small-sae,5,32177,1,"Ordinal numbers in contextual information describing locations, groups, or ordered lists",0.5235,-0.0518677985066198,0.5085021218778472
gpt2-small-sae_L5_U32177_D2,gpt2-small-sae,5,32177,2,"Ordinal numbers, often parts of multi-part articles, options, or levels of training programs",0.474,-0.0947777574979517,0.4603388435304386
gpt2-small-sae_L5_U32177_D3,gpt2-small-sae,5,32177,3,Ordinal numbers in a numbered list,0.474,-0.0947777574979517,0.4603388435304386
gpt2-small-sae_L5_U32177_D4,gpt2-small-sae,5,32177,4,"Ordinal numbers, often within the context of lists or ordered items",0.474,-0.0947777574979517,0.4603388435304386
gpt2-small-sae_L5_U32177_D5,gpt2-small-sae,5,32177,5,"Instructions, steps, or numbered procedures in a process",0.474,-0.0947777574979517,0.4603388435304386
gpt2-small-sae_L10_U900_D1,gpt2-small-sae,10,900,1,Legal or official document section numbers,1.0,320.9611250724534,5.946625244312661e-140
gpt2-small-sae_L10_U900_D2,gpt2-small-sae,10,900,2,Legal documents and code sections,0.8988,19.18601353477372,4.3707747453385844e-102
gpt2-small-sae_L10_U900_D3,gpt2-small-sae,10,900,3,"Website creation and management, including [backlinks], [SEO], and [domain] registration, online [dating] and relationships, spiritual and religious guidance (hearing [God's voice], salvation, the spirit and soul), descriptions of products/services (handmade chocolate bears, [Flash CC] design courses, vashikaran services), and personal reflections on diverse topics (the rich and poor, [film trailers], free-time activities, grace).",0.497,-0.0642256187291445,0.8091954183402301
gpt2-small-sae_L10_U900_D4,gpt2-small-sae,10,900,4,"Legislation or legal cases related to women's health, specifically reproductive rights and access to contraception, with mention of specific laws or court decisions",0.497,-0.0642256187291445,0.8091954183402301
gpt2-small-sae_L10_U900_D5,gpt2-small-sae,10,900,5,"Pajamas, costumes, or clothing, and food or cooking methods",0.497,-0.0642256187291445,0.8091954183402301
gpt2-small-sae_L10_U1319_D1,gpt2-small-sae,10,1319,1,"Products or services with technical specifications, often including numerical values for size, capacity, speed, or other measurements",0.4995,-0.0316227765621593,0.9282872148296558
gpt2-small-sae_L10_U1319_D2,gpt2-small-sae,10,1319,2,"Events, services, or establishments in a specific location",0.4995,-0.0316227765621593,0.9282872148296558
gpt2-small-sae_L10_U1319_D3,gpt2-small-sae,10,1319,3,Dictionaries or encyclopedic entries and conjunctions,0.4995,-0.0316227765621593,0.9282872148296558
gpt2-small-sae_L10_U1319_D4,gpt2-small-sae,10,1319,4,"Timestamps, specifically times of day",0.4995,-0.0316227765621593,0.9282872148296558
gpt2-small-sae_L10_U1319_D5,gpt2-small-sae,10,1319,5,"Ownership of creative digital content, specifically relating to Italian architecture or fashion accessories and their online availability",0.4995,-0.0316227765621593,0.9282872148296558
gpt2-small-sae_L10_U1690_D1,gpt2-small-sae,10,1690,1,"End of a descriptive section about services, products, events, or businesses",0.8684999999999999,1.5126045808354174,5.94916094297048e-05
gpt2-small-sae_L10_U1690_D2,gpt2-small-sae,10,1690,2,"Entertainment, sports, or current events summaries",0.0349999999999999,-1.5105962650155242,4.046716067816654e-07
gpt2-small-sae_L10_U1690_D3,gpt2-small-sae,10,1690,3,Informational or promotional content containing a question and answer format or structured advice,0.0349999999999999,-1.5105962650155242,4.046716067816654e-07
gpt2-small-sae_L10_U1690_D4,gpt2-small-sae,10,1690,4,End of text,0.0349999999999999,-1.5105962650155242,4.046716067816654e-07
gpt2-small-sae_L10_U1690_D5,gpt2-small-sae,10,1690,5,End of a section/segment/article,0.0349999999999999,-1.5105962650155242,4.046716067816654e-07
gpt2-small-sae_L10_U4369_D1,gpt2-small-sae,10,4369,1,"The activation is related to instances of ""fib"" or similar abbreviations or variations, often appearing within the context of biological or technical discussions, sometimes related to calibration or materials.",0.9962,9.466067327994212,2.978878785230292e-65
gpt2-small-sae_L10_U4369_D2,gpt2-small-sae,10,4369,2,International Business Machines (a technology company) and cystic fibrosis,0.991,4.147193379882989,6.256046127918252e-64
gpt2-small-sae_L10_U4369_D3,gpt2-small-sae,10,4369,3,"A person's name containing ""ib""",0.8892,2.718904506483557,4.080528114085599e-43
gpt2-small-sae_L10_U4369_D4,gpt2-small-sae,10,4369,4,"A substring ""ib"" or ""ibr"", often within a proper noun, especially a person's name",0.6869999999999999,0.6532137094561778,1.9149134713133008e-12
gpt2-small-sae_L10_U4369_D5,gpt2-small-sae,10,4369,5,"Financial institutions, people's names, and technical terminology related to medical scans",0.53705,-0.0230280006645112,0.1417207607490597
gpt2-small-sae_L10_U5239_D1,gpt2-small-sae,10,5239,1,Medical or biological terms related to body parts or conditions,0.6884,1.8069653630160247,2.686480907450975e-11
gpt2-small-sae_L10_U5239_D2,gpt2-small-sae,10,5239,2,"Proper names, often truncated or shortened",0.5851,0.5551872299914175,0.0019284183701575
gpt2-small-sae_L10_U5239_D3,gpt2-small-sae,10,5239,3,"Suffixes related to chemicals, locations, or personal attributes",0.53425,0.0632741996833508,0.2051702207421577
gpt2-small-sae_L10_U5239_D4,gpt2-small-sae,10,5239,4,"Adjectives ending in -al, -nal, -ial, -otic, or -ive, or nouns/verbs ending in -ing related to biological, chemical, or physical processes or properties",0.4855,-0.1229836275669727,0.5863124354350355
gpt2-small-sae_L10_U5239_D5,gpt2-small-sae,10,5239,5,Adjective suffixes,0.4855,-0.1229836275669727,0.5863124354350355
gpt2-small-sae_L10_U8624_D1,gpt2-small-sae,10,8624,1,"Geographic locations, including cities, regions, states, and countries",0.4995,-0.0316227785946064,0.9282872148296558
gpt2-small-sae_L10_U8624_D2,gpt2-small-sae,10,8624,2,"Requests, suggestions, or instructions to rate and provide feedback",0.4995,-0.0316227785946064,0.9282872148296558
gpt2-small-sae_L10_U8624_D3,gpt2-small-sae,10,8624,3,Discussions of services offered in a specific location,0.4995,-0.0316227785946064,0.9282872148296558
gpt2-small-sae_L10_U8624_D4,gpt2-small-sae,10,8624,4,"Discussions of financial status, wealth, or economic matters, often involving a comparison or contrast between different groups or entities",0.4995,-0.0316227785946064,0.9282872148296558
gpt2-small-sae_L10_U8624_D5,gpt2-small-sae,10,8624,5,"Discussions of computer hardware, software, website creation, and technical issues, particularly involving data storage, transfer, and restoration",0.4995,-0.0316227785946064,0.9282872148296558
gpt2-small-sae_L10_U8757_D1,gpt2-small-sae,10,8757,1,"Purpose clauses, often related to enabling something or achieving a particular goal",0.4665,-0.1801713956994899,0.3982401790450114
gpt2-small-sae_L10_U8757_D2,gpt2-small-sae,10,8757,2,"The word ""to"" (case-insensitive) appears in contexts related to entering contests, viewing image galleries, accessing specific websites or web pages, opening albums or files, improving card game decks, selecting accessories, going to physical places, and generally introducing a purpose or goal.",0.4665,-0.1801713956994899,0.3982401790450114
gpt2-small-sae_L10_U8757_D3,gpt2-small-sae,10,8757,3,Purpose of/reasons for something,0.4665,-0.1801713956994899,0.3982401790450114
gpt2-small-sae_L10_U8757_D4,gpt2-small-sae,10,8757,4,"Destination, purpose, or recipient",0.4665,-0.1801713956994899,0.3982401790450114
gpt2-small-sae_L10_U8757_D5,gpt2-small-sae,10,8757,5,"Recipes and instructions, especially involving food preparation with a particular focus on the steps leading up to the word ""to""",0.4665,-0.1801713956994899,0.3982401790450114
gpt2-small-sae_L10_U9242_D1,gpt2-small-sae,10,9242,1,Product features or qualities,0.4975,-0.0646286308698957,0.8262064843112343
gpt2-small-sae_L10_U9242_D2,gpt2-small-sae,10,9242,2,"Locations, typically cities, related to businesses or organizations",0.4975,-0.0646286308698957,0.8262064843112343
gpt2-small-sae_L10_U9242_D3,gpt2-small-sae,10,9242,3,Possessive form of a name or noun,0.4975,-0.0646286308698957,0.8262064843112343
gpt2-small-sae_L10_U9242_D4,gpt2-small-sae,10,9242,4,Possessive pronoun related to a person,0.4975,-0.0646286308698957,0.8262064843112343
gpt2-small-sae_L10_U9242_D5,gpt2-small-sae,10,9242,5,"Numbers, often related to quantities or counts",0.4975,-0.0646286308698957,0.8262064843112343
gpt2-small-sae_L10_U9814_D1,gpt2-small-sae,10,9814,1,A justification or explanation for an action or property,0.4685,-0.2259370384898681,0.4136823991083811
gpt2-small-sae_L10_U9814_D2,gpt2-small-sae,10,9814,2,Explanations or justifications,0.4685,-0.2259370384898681,0.4136823991083811
gpt2-small-sae_L10_U9814_D3,gpt2-small-sae,10,9814,3,"A justification or explanation for an action, inaction, or belief",0.4685,-0.2259370384898681,0.4136823991083811
gpt2-small-sae_L10_U9814_D4,gpt2-small-sae,10,9814,4,"Explanations or justifications, often in the context of updates, legal restrictions, health recommendations, or business decisions",0.4685,-0.2259370384898681,0.4136823991083811
gpt2-small-sae_L10_U9814_D5,gpt2-small-sae,10,9814,5,"Explanations, justifications, or motivations",0.4685,-0.2259370384898681,0.4136823991083811
gpt2-small-sae_L10_U9896_D1,gpt2-small-sae,10,9896,1,"The word ""so"" (or ""thus"" or ""therefore"") appears at the beginning of a concluding sentence or question",0.8371,0.7081612197691388,2.142532121700923e-06
gpt2-small-sae_L10_U9896_D2,gpt2-small-sae,10,9896,2,"The conjunction ""So"" starting a sentence, often introducing a conclusion or consequence based on the preceding context",0.744,-0.4365587414117405,0.0006027974000936
gpt2-small-sae_L10_U9896_D3,gpt2-small-sae,10,9896,3,A conclusion or inference following a description or explanation,0.4472,-0.3952986914647716,0.4532906626086386
gpt2-small-sae_L10_U9896_D4,gpt2-small-sae,10,9896,4,"A conclusion or summary, often related to personal experiences, observations, or instructions",0.372,-0.4585065011919486,0.0681240658710804
gpt2-small-sae_L10_U9896_D5,gpt2-small-sae,10,9896,5,"Concluding phrases, especially in scientific/technical contexts",0.372,-0.4585065011919486,0.0681240658710804
gpt2-small-sae_L10_U10235_D1,gpt2-small-sae,10,10235,1,"Financial services, including banking, loans, investments, insurance, and financial advice",0.4955,-0.0889391556711712,0.7658207853945895
gpt2-small-sae_L10_U10235_D2,gpt2-small-sae,10,10235,2,Expressing condolences or sympathy,0.4955,-0.0889391556711712,0.7658207853945895
gpt2-small-sae_L10_U10235_D3,gpt2-small-sae,10,10235,3,First person plural possessive pronoun,0.4955,-0.0889391556711712,0.7658207853945895
gpt2-small-sae_L10_U10235_D4,gpt2-small-sae,10,10235,4,Common stock and a date related to stocks outstanding,0.4955,-0.0889391556711712,0.7658207853945895
gpt2-small-sae_L10_U10235_D5,gpt2-small-sae,10,10235,5,"Availability, belonging, or association with visuals, fashion, or location",0.4955,-0.0889391556711712,0.7658207853945895
gpt2-small-sae_L10_U14924_D1,gpt2-small-sae,10,14924,1,"The concept of totality or inclusiveness, often related to size or scope, in various contexts such as beauty routines, product availability, accommodation options, and biological processes",0.53605,0.3427154142048223,0.182321738730155
gpt2-small-sae_L10_U14924_D2,gpt2-small-sae,10,14924,2,Totality or a large quantity,0.4855,-0.1271981719200542,0.5863123963515849
gpt2-small-sae_L10_U14924_D3,gpt2-small-sae,10,14924,3,"Totalities or aggregates, often in competitive or sporting events",0.4855,-0.1271981719200542,0.5863123963515849
gpt2-small-sae_L10_U14924_D4,gpt2-small-sae,10,14924,4,"Quantifiers like ""all"" or ""most"" in the context of learning or doing activities/projects related to geography, history, or other subjects",0.4855,-0.1271981719200542,0.5863123963515849
gpt2-small-sae_L10_U14924_D5,gpt2-small-sae,10,14924,5,Totality or majority of items or instances,0.4855,-0.1271981719200542,0.5863123963515849
gpt2-small-sae_L10_U15235_D1,gpt2-small-sae,10,15235,1,"Questions about processes, mostly using the auxiliary ""does""",0.8217,1.0738069925842544,9.167514021335206e-11
gpt2-small-sae_L10_U15235_D2,gpt2-small-sae,10,15235,2,"Questions using the word ""does"" or ""has""",0.6850999999999999,0.7852193371680009,0.0001605368887549
gpt2-small-sae_L10_U15235_D3,gpt2-small-sae,10,15235,3,A question about a property of something,0.6471999999999999,0.7774301412424962,0.0025802484219565
gpt2-small-sae_L10_U15235_D4,gpt2-small-sae,10,15235,4,"A question about meaning, significance, or implication",0.5485,0.3159116486040526,0.3169374436124618
gpt2-small-sae_L10_U15235_D5,gpt2-small-sae,10,15235,5,"Questions about functionalities, costs, or meanings, often related to services, products, or abstract concepts",0.449,-0.306679483928341,0.2884214019439968
gpt2-small-sae_L10_U15562_D1,gpt2-small-sae,10,15562,1,"The letter G, capitalized or not, related to proper nouns in a list-like structure",0.9954,6.510489744196046,6.239149245386575e-18
gpt2-small-sae_L10_U15562_D2,gpt2-small-sae,10,15562,2,"The letter G, either upper or lower case, in words related to building features or musical instruments",0.9687,3.5968637987965826,3.267677120996528e-16
gpt2-small-sae_L10_U15562_D3,gpt2-small-sae,10,15562,3,"The letter G, sometimes followed by other characters, in various contexts, often related to groups, organizations, or individuals",0.9547,3.0924769873196394,2.3912131931252502e-15
gpt2-small-sae_L10_U15562_D4,gpt2-small-sae,10,15562,4,"The letter ""G"" (or ""g""), often capitalized, appearing near the beginning of texts, sometimes as part of a proper noun (a person's name or brand name)",0.8217,2.0459265815648773,1.7666544949064186e-08
gpt2-small-sae_L10_U15562_D5,gpt2-small-sae,10,15562,5,"Concepts of a particular model or brand identifier appearing near a specific product model/code/number, typically related to electronics, vehicles, or industrial parts",0.4846,0.2774031695225081,0.7838874759362225
gpt2-small-sae_L10_U17243_D1,gpt2-small-sae,10,17243,1,"Locations (cities, states, or neighborhoods) and things found in homes or related to home maintenance/improvement",0.5304000000000001,-0.0961143317336821,0.7104903202271053
gpt2-small-sae_L10_U17243_D2,gpt2-small-sae,10,17243,2,"Time expressions related to specific events, places, and people",0.5176000000000001,0.0476364894384269,0.830042999855563
gpt2-small-sae_L10_U17243_D3,gpt2-small-sae,10,17243,3,"Ordering, requesting, or discussing types of services, accounts, or information, often related to online platforms, finances, or businesses",0.3552,-0.4300831498791518,0.0758888407342212
gpt2-small-sae_L10_U17243_D4,gpt2-small-sae,10,17243,4,"Commercial enterprises, locations of residence, textual works, family members, sports, and proper nouns",0.3325000000000001,-0.5412602475189968,0.0400316070211728
gpt2-small-sae_L10_U17243_D5,gpt2-small-sae,10,17243,5,"Products, food, or creative works",0.296,-0.6095439340075373,0.0123253724254177
gpt2-small-sae_L10_U20265_D1,gpt2-small-sae,10,20265,1,"Energy sources, including renewable energy like tidal power as an alternative to fossil fuels, geological formations and processes like sediments, and motor neuron degeneration",0.9971,10.797916888793424,2.7396657431365537e-67
gpt2-small-sae_L10_U20265_D2,gpt2-small-sae,10,20265,2,"Geological formations, especially fossils, or alternatively, accessories such as watches and jewelry",0.996,9.926209713107118,5.333628816568231e-67
gpt2-small-sae_L10_U20265_D3,gpt2-small-sae,10,20265,3,Energy-related industry or resource,0.8926,6.059764017276717,4.102585770053897e-45
gpt2-small-sae_L10_U20265_D4,gpt2-small-sae,10,20265,4,"A short personal story often including a mention of a family member, sometimes in relation to a specific past time or recent event",0.488,-0.1080248941555215,0.6216830513880378
gpt2-small-sae_L10_U20265_D5,gpt2-small-sae,10,20265,5,"Evaluation, academic/educational institutions, and certification/qualification",0.488,-0.1080248941555215,0.6216830513880378
gpt2-small-sae_L10_U21878_D1,gpt2-small-sae,10,21878,1,"Culinary experiences, including cooking classes, restaurants, and specific dishes",0.5,0.0,1.0
gpt2-small-sae_L10_U21878_D2,gpt2-small-sae,10,21878,2,"Products or services related to attire, beauty, or personal care",0.5,0.0,1.0
gpt2-small-sae_L10_U21878_D3,gpt2-small-sae,10,21878,3,"Tax obligations for non-resident sellers of real estate, especially focusing on the buyer's responsibility to withhold a percentage of the sale price for tax purposes",0.5,0.0,1.0
gpt2-small-sae_L10_U21878_D4,gpt2-small-sae,10,21878,4,"Discussions of financial or power disparities, often in a social or political context",0.5,0.0,1.0
gpt2-small-sae_L10_U21878_D5,gpt2-small-sae,10,21878,5,"Computer-related issues, website setup and management, and software use",0.5,0.0,1.0
gpt2-small-sae_L10_U24347_D1,gpt2-small-sae,10,24347,1,Products or services and their descriptions,0.8193,0.5868501862603618,0.0005045255951148
gpt2-small-sae_L10_U24347_D2,gpt2-small-sae,10,24347,2,"Comparisons, differences, or contrasts between two entities, often involving quantities or qualities",0.6021,0.0248191842817247,0.2661936273926926
gpt2-small-sae_L10_U24347_D3,gpt2-small-sae,10,24347,3,"Locations, characteristics, purposes, or comparisons of data, processes, or items",0.5933,0.1077279841823287,0.3096332644680805
gpt2-small-sae_L10_U24347_D4,gpt2-small-sae,10,24347,4,"Conjunctions, prepositions, and occasionally other function words, appearing in descriptions of food and drink preparation, achievement announcements, or product descriptions",0.2711,-0.4770206366269915,0.0126515210057889
gpt2-small-sae_L10_U24347_D5,gpt2-small-sae,10,24347,5,"Financial, economic, and political situations, often comparing two entities or systems",0.2103,-0.6013072767571204,0.0016002373666495
gpt2-small-sae_L10_U27166_D1,gpt2-small-sae,10,27166,1,Medical conditions or events,0.4955,-0.0912153017110583,0.7658208103784006
gpt2-small-sae_L10_U27166_D2,gpt2-small-sae,10,27166,2,"Competition, playoff, or tournament sporting events",0.4955,-0.0912153017110583,0.7658208103784006
gpt2-small-sae_L10_U27166_D3,gpt2-small-sae,10,27166,3,"Financial/business topics, digital skills training, or software platforms and their features/benefits",0.4955,-0.0912153017110583,0.7658208103784006
gpt2-small-sae_L10_U27166_D4,gpt2-small-sae,10,27166,4,Relating to an edition or version of a book or relating to a card game,0.4955,-0.0912153017110583,0.7658208103784006
gpt2-small-sae_L10_U27166_D5,gpt2-small-sae,10,27166,5,"Conflict, competition, or combat",0.4955,-0.0912153017110583,0.7658208103784006
gpt2-small-sae_L10_U27300_D1,gpt2-small-sae,10,27300,1,"Demonstrative determiners (this/that) referring to previously mentioned information, often about racing, sporting events, travel, or locations",0.5801000000000001,-0.10946841460653,0.3396103254047092
gpt2-small-sae_L10_U27300_D2,gpt2-small-sae,10,27300,2,"Demonstrative pronouns or determiners, frequently within the context of product reviews, comparisons, or descriptions of experiences",0.4452,-0.1939985250678466,0.5127606368634643
gpt2-small-sae_L10_U27300_D3,gpt2-small-sae,10,27300,3,"Demonstrative determiners (this, these, that) and the conjunction ""and"", frequently in the context of describing new products, company awards and recognitions, business developments, or policy updates",0.4419,-0.1333370806630977,0.4876839612117228
gpt2-small-sae_L10_U27300_D4,gpt2-small-sae,10,27300,4,"Demonstrative pronouns (this, that, these, those) or other pronouns referring to a previously mentioned entity in explanatory contexts",0.3349,-0.4380190604349555,0.0482258515708351
gpt2-small-sae_L10_U27300_D5,gpt2-small-sae,10,27300,5,"Demonstrative pronouns (this, that) at the beginning of sentences, especially related to new information or summaries",0.276,-0.5712450545247006,0.0073228658071971
